user_id,count,size
93636,149,146.0
88149,149,115.0
55140,149,134.0
91182,149,140.0
93033,149,64.0
29510,149,75.0
100811,149,124.0
101061,149,59.0
62116,149,102.0
82553,149,68.0
105796,149,117.0
104243,149,132.0
98232,149,98.0
83268,149,104.0
66587,148,79.0
78812,148,125.0
76611,148,90.0
93123,148,94.0
42224,148,90.0
75176,148,52.0
100450,148,121.0
87525,148,62.0
101293,148,135.0
8300,148,100.0
90248,148,64.0
98283,148,129.0
88244,148,100.0
93706,147,74.0
59283,147,93.0
94485,147,52.0
90528,147,123.0
95787,147,121.0
87353,147,87.0
86437,147,82.0
92900,147,113.0
81749,147,56.0
63785,147,101.0
53510,147,60.0
92918,147,129.0
46124,147,60.0
96470,147,111.0
86434,146,67.0
92072,146,123.0
106724,146,65.0
86611,146,91.0
83759,146,150.0
23389,146,110.0
66553,146,108.0
28094,146,111.0
22748,146,100.0
83907,146,87.0
102804,146,54.0
100455,146,120.0
99866,146,50.0
72925,145,126.0
76875,145,116.0
47818,145,78.0
107661,145,61.0
94661,145,128.0
95344,145,77.0
101891,145,107.0
102768,145,136.0
14110,144,129.0
85977,144,119.0
111950,144,90.0
92726,144,127.0
104107,144,105.0
34976,144,91.0
104034,144,95.0
85631,144,78.0
63258,144,50.0
19286,144,139.0
103249,144,105.0
67571,144,100.0
91424,144,88.0
65010,144,76.0
88802,144,106.0
94440,144,86.0
104975,144,126.0
100178,144,89.0
89199,143,110.0
22281,143,145.0
51307,143,137.0
92102,143,55.0
96616,143,94.0
106188,143,59.0
112187,143,125.0
58910,143,112.0
87625,143,119.0
72242,143,131.0
75182,143,53.0
95191,143,66.0
59311,143,149.0
101908,143,106.0
107963,143,109.0
20258,143,89.0
77714,143,84.0
74371,143,66.0
60214,143,134.0
38119,143,120.0
95020,143,107.0
51416,143,56.0
87479,143,140.0
83874,142,85.0
103462,142,148.0
86729,142,110.0
91033,142,127.0
75825,142,68.0
86482,142,137.0
29477,142,133.0
69765,142,75.0
93041,142,73.0
71666,142,148.0
65372,142,101.0
105565,142,126.0
111093,142,141.0
63867,142,103.0
99362,142,88.0
113227,142,138.0
77938,142,99.0
98611,142,58.0
33517,142,64.0
107673,142,113.0
105770,142,139.0
110549,142,144.0
62223,141,74.0
13915,141,56.0
76532,141,116.0
93053,141,71.0
91066,141,92.0
17057,141,96.0
105614,141,126.0
88835,141,71.0
110307,141,143.0
78530,141,94.0
113664,141,99.0
72133,141,66.0
86852,141,62.0
34275,141,56.0
84779,141,110.0
70617,140,100.0
80941,140,99.0
45314,140,99.0
94830,140,137.0
115438,140,148.0
53487,140,108.0
26393,140,93.0
116187,140,121.0
94807,140,139.0
112202,140,57.0
63681,140,127.0
107491,140,102.0
57789,140,62.0
86353,140,82.0
41517,140,141.0
67143,140,126.0
108512,140,59.0
97855,140,102.0
112162,139,77.0
89025,139,99.0
116900,139,145.0
61261,139,141.0
92124,139,109.0
117638,139,52.0
72688,139,129.0
49004,139,103.0
104512,139,60.0
107187,139,50.0
114951,139,98.0
56894,139,135.0
53115,139,95.0
105169,139,93.0
104203,139,56.0
84134,139,74.0
64920,139,89.0
99043,139,57.0
100546,139,80.0
97595,139,52.0
87318,138,138.0
118487,138,101.0
97972,138,147.0
93865,138,133.0
41676,138,63.0
86715,138,107.0
115324,138,81.0
114210,138,101.0
46215,138,98.0
14544,138,100.0
89921,138,71.0
103278,138,77.0
109345,138,142.0
57926,138,120.0
47414,137,131.0
70315,137,57.0
66072,137,146.0
76913,137,73.0
112954,137,91.0
62466,137,114.0
106330,137,149.0
102584,137,105.0
40121,137,129.0
51168,137,70.0
110805,137,92.0
113054,137,84.0
117219,137,115.0
107544,137,70.0
83986,137,113.0
26365,137,134.0
109109,136,142.0
87638,136,55.0
92348,136,102.0
72945,136,68.0
82717,136,69.0
100607,136,119.0
81885,136,104.0
91453,136,60.0
121626,136,97.0
99849,136,140.0
70340,136,115.0
94669,136,83.0
98996,136,85.0
101227,136,88.0
88647,136,67.0
92093,136,81.0
83931,136,118.0
89175,136,78.0
83297,136,64.0
30942,136,90.0
103185,135,142.0
117482,135,132.0
113798,135,106.0
93703,135,78.0
117834,135,84.0
123552,135,131.0
123447,135,107.0
98924,135,52.0
61111,135,131.0
84226,135,59.0
87289,135,86.0
84597,135,73.0
21975,135,77.0
114660,135,61.0
102069,135,112.0
69738,135,133.0
117960,135,65.0
112724,134,101.0
104377,134,116.0
101994,134,101.0
63107,134,128.0
100125,134,97.0
118542,134,98.0
100101,134,69.0
99201,134,150.0
111404,134,75.0
116944,134,77.0
122465,134,114.0
79514,134,86.0
108138,134,149.0
55860,134,70.0
90191,134,78.0
115919,134,112.0
122011,134,93.0
117328,134,148.0
39109,134,54.0
121657,134,135.0
69417,134,96.0
1543,134,94.0
78574,134,69.0
111847,133,110.0
86618,133,70.0
110203,133,88.0
78424,133,53.0
100990,133,117.0
124398,133,70.0
109836,133,61.0
107394,133,139.0
113141,133,120.0
126091,133,80.0
125020,133,86.0
3354,133,93.0
102944,133,143.0
119366,133,102.0
41355,133,150.0
94212,133,140.0
100149,133,81.0
102791,133,87.0
110503,133,59.0
72974,133,90.0
49766,132,93.0
113583,132,140.0
81936,132,135.0
80978,132,84.0
111329,132,81.0
123193,132,102.0
60453,132,146.0
65913,132,137.0
40451,132,148.0
94862,132,109.0
83016,132,96.0
113387,132,76.0
13436,132,105.0
118814,132,88.0
119880,132,123.0
106354,132,109.0
94123,132,57.0
117122,132,105.0
13288,132,51.0
112338,132,86.0
113568,131,114.0
75153,131,56.0
116846,131,78.0
128078,131,76.0
78770,131,98.0
43282,131,142.0
95841,131,92.0
107642,131,139.0
49234,131,80.0
79111,131,109.0
19798,131,125.0
110765,131,135.0
89891,131,51.0
107230,131,81.0
29030,131,82.0
23212,131,126.0
123966,131,88.0
126691,131,55.0
128450,131,118.0
129079,131,142.0
105438,131,83.0
109873,131,73.0
84132,130,111.0
102946,130,68.0
22249,130,105.0
101962,130,71.0
98987,130,122.0
124779,130,67.0
111083,130,139.0
111451,130,80.0
119887,130,75.0
111459,130,138.0
123260,130,53.0
90662,130,133.0
116283,130,130.0
126371,130,88.0
106426,130,98.0
106801,130,91.0
112618,130,140.0
95790,130,134.0
122811,130,90.0
85754,130,102.0
116965,130,103.0
110003,129,57.0
99458,129,149.0
131060,129,147.0
107851,129,85.0
130370,129,124.0
121550,129,141.0
119560,129,74.0
105222,129,61.0
111137,129,144.0
95013,129,144.0
55059,129,108.0
124672,129,61.0
102341,129,61.0
75783,129,102.0
111159,129,67.0
126580,129,114.0
125878,129,138.0
33903,129,67.0
40805,129,82.0
103481,129,67.0
109413,129,67.0
105071,129,72.0
129785,128,107.0
100964,128,64.0
129532,128,82.0
93170,128,124.0
90725,128,104.0
36258,128,68.0
132503,128,52.0
92779,128,93.0
3011,128,50.0
69606,128,129.0
102899,128,146.0
120819,128,62.0
121384,128,51.0
126712,128,139.0
103105,128,79.0
100139,128,67.0
130080,128,100.0
75610,128,82.0
111619,128,79.0
23033,128,135.0
103307,128,121.0
79747,128,104.0
125533,128,72.0
98907,127,139.0
79108,127,112.0
133929,127,61.0
95880,127,99.0
118421,127,134.0
118616,127,99.0
104201,127,130.0
97535,127,119.0
16362,127,127.0
14467,127,116.0
7361,127,55.0
96024,127,91.0
99793,127,88.0
125663,127,69.0
86751,127,143.0
134921,127,111.0
130500,127,119.0
92253,127,134.0
108816,127,131.0
93155,127,53.0
82874,127,95.0
94142,127,125.0
108775,127,93.0
100930,127,81.0
101110,127,105.0
132756,127,109.0
73669,127,115.0
103856,127,125.0
109997,126,121.0
96248,126,86.0
59065,126,56.0
118203,126,142.0
65917,126,144.0
132685,126,58.0
111274,126,111.0
48542,126,57.0
87211,126,141.0
135697,126,114.0
81372,126,80.0
116963,126,76.0
68401,126,85.0
113414,126,53.0
121469,126,50.0
104790,126,111.0
95678,126,62.0
60930,126,136.0
72616,126,115.0
35672,126,97.0
94782,126,107.0
101553,126,118.0
28667,126,74.0
98995,126,67.0
49257,125,94.0
95760,125,129.0
91203,125,50.0
54029,125,107.0
130081,125,91.0
120930,125,139.0
137083,125,137.0
57967,125,65.0
30901,125,68.0
95199,125,65.0
102349,125,123.0
107835,125,149.0
129581,125,118.0
80143,125,148.0
123613,125,142.0
102817,125,65.0
83699,125,70.0
99806,125,130.0
63699,125,147.0
42733,124,120.0
128321,124,108.0
103485,124,68.0
84993,124,124.0
125464,124,148.0
74643,124,78.0
11916,124,76.0
136116,124,116.0
132992,124,57.0
95342,124,68.0
38484,124,85.0
137670,124,64.0
104320,124,120.0
56386,124,122.0
81058,124,63.0
139740,124,66.0
122745,124,82.0
108852,124,117.0
135872,124,104.0
103270,124,119.0
101921,124,107.0
713,124,92.0
126627,124,128.0
137094,124,58.0
117895,124,136.0
67787,123,119.0
131711,123,117.0
99901,123,64.0
112340,123,57.0
83286,123,114.0
141416,123,104.0
109618,123,120.0
100923,123,117.0
112842,123,127.0
73941,123,117.0
122110,123,60.0
111144,123,70.0
107357,123,100.0
68383,123,112.0
122719,123,113.0
84065,123,139.0
135686,123,78.0
135067,123,67.0
81879,123,125.0
99801,123,133.0
101448,123,102.0
135621,123,127.0
121135,123,86.0
82240,123,126.0
120606,122,125.0
141895,122,132.0
97721,122,91.0
102223,122,55.0
3523,122,137.0
138730,122,89.0
98385,122,95.0
135936,122,112.0
120011,122,138.0
120350,122,57.0
111024,122,50.0
106939,122,84.0
87773,122,92.0
36785,122,98.0
139387,122,109.0
128037,122,83.0
65554,122,109.0
137244,122,84.0
138819,122,143.0
49077,122,128.0
125960,122,91.0
140952,122,140.0
138447,122,84.0
104516,122,148.0
82602,122,94.0
116711,122,62.0
114669,121,90.0
111115,121,123.0
30595,121,91.0
119319,121,92.0
127532,121,148.0
83950,121,79.0
34631,121,135.0
56088,121,149.0
118418,121,54.0
143718,121,64.0
135502,121,143.0
44213,121,75.0
125231,121,94.0
114993,121,71.0
144890,121,53.0
144592,121,95.0
126594,121,104.0
108928,121,105.0
126305,121,60.0
80367,121,123.0
39919,121,148.0
137947,121,53.0
143003,121,114.0
113452,120,129.0
131138,120,96.0
78328,120,75.0
104400,120,88.0
119949,120,52.0
140675,120,113.0
135776,120,132.0
137927,120,122.0
11224,120,116.0
136786,120,119.0
137813,120,145.0
112548,120,126.0
125674,120,54.0
134214,120,148.0
42311,120,54.0
126267,120,85.0
128136,120,123.0
130175,120,117.0
132794,120,91.0
138086,120,149.0
113398,120,110.0
120099,120,62.0
136491,120,87.0
81619,120,64.0
141928,120,120.0
114147,120,131.0
141890,120,140.0
120282,120,114.0
134986,120,136.0
112589,120,121.0
71686,119,102.0
124680,119,50.0
140580,119,128.0
146369,119,107.0
124196,119,52.0
77298,119,136.0
39941,119,119.0
123448,119,93.0
138384,119,86.0
132943,119,87.0
87453,119,112.0
82607,119,106.0
115739,119,128.0
122482,119,115.0
107166,119,123.0
59240,119,54.0
132345,119,90.0
82718,119,109.0
140206,119,141.0
83388,119,69.0
128050,119,93.0
142484,119,90.0
140762,118,108.0
117183,118,100.0
143247,118,101.0
96537,118,103.0
149984,118,77.0
145399,118,146.0
129886,118,59.0
98818,118,83.0
24048,118,139.0
142297,118,100.0
89370,118,64.0
133216,118,68.0
143537,118,127.0
140604,118,143.0
104819,118,117.0
115866,118,127.0
132498,118,140.0
126352,118,123.0
82349,118,95.0
126696,118,55.0
134516,118,110.0
107532,118,143.0
128239,117,139.0
122608,117,67.0
97579,117,122.0
120911,117,102.0
118419,117,116.0
132143,117,57.0
100223,117,95.0
58065,117,70.0
121265,117,89.0
139054,117,143.0
129301,117,99.0
11979,117,141.0
18362,117,79.0
122542,117,90.0
80075,117,120.0
100017,117,122.0
112176,117,98.0
121599,117,134.0
131569,117,57.0
129480,117,67.0
73908,117,148.0
135846,117,51.0
146655,117,142.0
57899,117,78.0
139939,117,118.0
150184,117,55.0
96641,117,131.0
132221,117,124.0
99867,117,83.0
105338,117,131.0
101729,117,79.0
139177,116,116.0
130515,116,52.0
137923,116,113.0
75718,116,147.0
82032,116,146.0
95601,116,126.0
144282,116,123.0
137599,116,149.0
121905,116,64.0
132466,116,116.0
148007,116,75.0
46830,116,137.0
99924,116,109.0
112445,116,98.0
122656,116,72.0
125908,116,130.0
145694,116,110.0
116050,116,97.0
106505,116,57.0
151569,116,147.0
137508,116,103.0
115330,116,94.0
79362,116,105.0
143975,116,138.0
38027,116,118.0
129569,116,66.0
139977,116,107.0
104035,116,85.0
137065,116,94.0
119564,116,111.0
123800,116,118.0
125241,116,118.0
153861,116,77.0
117153,115,146.0
104518,115,105.0
80907,115,130.0
113554,115,147.0
132581,115,123.0
154087,115,73.0
101964,115,130.0
82472,115,90.0
52143,115,137.0
107523,115,99.0
146942,115,132.0
143078,115,90.0
108303,115,125.0
61371,115,105.0
83480,115,104.0
59300,115,128.0
6282,115,144.0
150704,115,141.0
52119,115,149.0
126956,115,59.0
58613,114,123.0
111883,114,53.0
153170,114,127.0
146300,114,131.0
103711,114,133.0
123099,114,101.0
113412,114,93.0
74288,114,106.0
153748,114,52.0
153911,114,55.0
68171,114,51.0
134796,114,114.0
87844,114,84.0
130108,114,89.0
137119,114,125.0
126212,114,148.0
146931,114,57.0
144936,114,138.0
148283,114,104.0
94884,114,143.0
125675,114,112.0
61939,114,68.0
130138,114,78.0
137214,114,57.0
139998,114,82.0
139288,114,67.0
135241,114,86.0
147877,114,55.0
143489,114,103.0
157639,114,84.0
28764,114,62.0
35023,113,51.0
155815,113,70.0
146208,113,65.0
151596,113,84.0
117291,113,140.0
128476,113,72.0
137294,113,115.0
149051,113,82.0
136023,113,126.0
157307,113,51.0
147819,113,128.0
131518,113,120.0
147760,113,79.0
126203,113,72.0
134822,113,92.0
152818,113,146.0
65178,113,114.0
18278,113,135.0
145284,113,56.0
40061,113,55.0
66562,113,145.0
123928,113,141.0
117598,113,66.0
141880,113,82.0
48947,113,115.0
76436,112,110.0
100864,112,139.0
154186,112,93.0
152503,112,54.0
137549,112,109.0
126725,112,131.0
152988,112,140.0
2490,112,135.0
118942,112,122.0
100819,112,93.0
131133,112,87.0
146750,112,70.0
159583,112,53.0
48561,112,64.0
154002,112,84.0
128040,112,84.0
94357,112,97.0
20656,112,146.0
153153,112,95.0
58484,112,85.0
142155,112,56.0
156818,112,112.0
130755,112,74.0
140615,112,72.0
147670,112,92.0
139734,112,113.0
150870,112,74.0
131022,112,79.0
124889,112,127.0
161164,112,101.0
153688,112,118.0
140343,111,116.0
135452,111,117.0
146918,111,97.0
70915,111,105.0
76052,111,78.0
150521,111,52.0
138317,111,110.0
117250,111,95.0
61457,111,94.0
145364,111,50.0
159538,111,67.0
152604,111,66.0
145317,111,68.0
94410,111,55.0
27018,111,98.0
132553,111,103.0
120083,111,93.0
141572,111,144.0
155548,111,148.0
131208,111,54.0
118534,111,145.0
148651,111,132.0
89323,111,58.0
134160,111,51.0
133718,111,79.0
140705,111,86.0
74727,111,79.0
158729,111,91.0
132438,111,89.0
159474,111,108.0
100248,110,102.0
118217,110,76.0
115875,110,144.0
57392,110,52.0
128901,110,133.0
125766,110,105.0
148491,110,65.0
146193,110,81.0
112459,110,55.0
149679,110,57.0
163418,110,93.0
154269,110,56.0
151711,110,60.0
130693,110,149.0
122476,110,76.0
103292,110,50.0
107147,110,78.0
155557,110,96.0
154354,110,84.0
94949,110,111.0
139155,110,89.0
79625,110,59.0
118770,110,95.0
142077,110,65.0
159382,110,94.0
152812,110,51.0
79388,110,53.0
131388,110,67.0
159863,110,146.0
161806,110,88.0
163225,110,54.0
151519,110,91.0
160750,110,52.0
148920,110,98.0
140179,110,104.0
140879,110,142.0
164075,109,64.0
148253,109,100.0
131452,109,118.0
135246,109,116.0
165890,109,140.0
94909,109,94.0
110413,109,80.0
80788,109,102.0
87614,109,106.0
160745,109,73.0
100588,109,82.0
152275,109,117.0
107644,109,101.0
138435,109,57.0
135552,109,69.0
111768,109,117.0
160968,109,93.0
134567,109,119.0
156378,109,53.0
152359,109,114.0
80693,109,121.0
88502,109,53.0
103351,109,133.0
167543,109,80.0
132714,109,70.0
71691,109,80.0
148269,109,74.0
164450,109,146.0
132364,109,72.0
144068,108,85.0
123841,108,116.0
74350,108,76.0
163434,108,78.0
138630,108,101.0
150968,108,138.0
14597,108,64.0
167663,108,112.0
147434,108,98.0
131102,108,124.0
157046,108,149.0
116046,108,61.0
167333,108,87.0
156504,108,100.0
152174,108,106.0
101882,108,149.0
111098,108,81.0
142772,108,71.0
53209,108,141.0
125348,108,136.0
147312,108,146.0
125612,108,148.0
140501,108,136.0
156176,108,121.0
73626,108,102.0
25778,108,119.0
165665,108,93.0
115988,108,148.0
129148,108,92.0
81712,107,56.0
130152,107,121.0
61577,107,103.0
91303,107,145.0
99022,107,146.0
163351,107,86.0
161925,107,149.0
121232,107,108.0
101947,107,81.0
31457,107,69.0
168630,107,131.0
110269,107,136.0
151009,107,109.0
139694,107,76.0
125636,107,122.0
108907,107,78.0
163549,107,66.0
158979,107,68.0
81881,107,85.0
60509,107,127.0
77530,107,134.0
106897,107,90.0
107225,107,76.0
103073,107,135.0
128944,107,116.0
137105,107,132.0
170437,107,124.0
127608,107,85.0
142835,107,139.0
162769,107,130.0
170756,107,144.0
112256,107,132.0
132504,107,61.0
123999,107,150.0
152539,107,111.0
129660,106,88.0
149703,106,111.0
166877,106,106.0
154196,106,84.0
104809,106,106.0
169042,106,149.0
146886,106,130.0
22358,106,142.0
76693,106,51.0
169727,106,88.0
28255,106,140.0
111694,106,118.0
169243,106,98.0
152551,106,63.0
162072,106,129.0
134079,106,106.0
120139,106,74.0
18262,106,103.0
44460,106,143.0
91466,106,116.0
125630,106,103.0
128558,106,113.0
116175,106,85.0
157129,106,149.0
68891,106,126.0
60924,106,90.0
172015,106,84.0
162743,105,50.0
134869,105,101.0
75908,105,133.0
154194,105,138.0
148950,105,120.0
105379,105,135.0
170343,105,69.0
88302,105,112.0
86465,105,100.0
162084,105,52.0
167500,105,90.0
55430,105,120.0
161929,105,77.0
2214,105,55.0
93695,105,87.0
53156,105,121.0
10578,105,91.0
159853,105,115.0
132357,105,83.0
108521,105,59.0
129961,105,71.0
47044,105,126.0
140344,105,57.0
125737,105,88.0
91243,105,64.0
35952,105,149.0
13094,105,128.0
142001,105,58.0
136189,105,92.0
100918,105,142.0
54923,105,93.0
144100,105,109.0
170716,105,120.0
115989,105,63.0
137793,105,116.0
152534,105,96.0
161863,105,53.0
82817,105,119.0
92182,105,105.0
154893,105,93.0
51329,105,100.0
175854,105,130.0
150518,105,148.0
156607,104,142.0
105293,104,53.0
164616,104,69.0
125305,104,97.0
157879,104,115.0
163145,104,85.0
34106,104,139.0
168506,104,102.0
131064,104,58.0
157684,104,54.0
156632,104,143.0
127637,104,89.0
65901,104,55.0
155855,104,74.0
92714,104,126.0
147980,104,121.0
124392,104,95.0
130139,104,79.0
126338,104,119.0
111138,104,67.0
165577,104,114.0
157728,104,86.0
152321,104,71.0
143536,104,102.0
157472,104,57.0
152392,104,90.0
152402,104,95.0
172797,103,91.0
136824,103,88.0
45408,103,123.0
86572,103,146.0
144054,103,57.0
126762,103,145.0
101796,103,113.0
92863,103,134.0
150469,103,122.0
97073,103,50.0
116146,103,103.0
156795,103,124.0
168758,103,99.0
163171,103,107.0
162055,103,56.0
168284,103,92.0
125471,103,141.0
164381,103,132.0
137905,103,93.0
172912,103,131.0
158923,103,86.0
28728,103,68.0
170153,103,82.0
169504,103,141.0
171276,103,122.0
177256,103,84.0
156240,103,125.0
105194,103,107.0
146140,103,102.0
179613,103,54.0
123201,103,131.0
166944,103,148.0
169334,103,118.0
170103,103,125.0
118628,103,72.0
66290,103,105.0
31366,103,63.0
85840,103,132.0
159444,103,109.0
69064,103,119.0
174415,103,114.0
154180,103,90.0
92317,103,65.0
150447,103,104.0
100659,103,57.0
144261,102,85.0
158104,102,94.0
126834,102,94.0
150909,102,133.0
137896,102,126.0
140595,102,107.0
112834,102,73.0
148644,102,104.0
97947,102,58.0
168493,102,144.0
182603,102,74.0
148136,102,139.0
125359,102,113.0
117786,102,138.0
154371,102,74.0
173325,102,52.0
174827,102,95.0
131829,102,90.0
166757,102,98.0
160730,102,120.0
179066,102,62.0
132979,102,60.0
93841,102,68.0
150561,102,108.0
63862,101,61.0
143589,101,135.0
152453,101,143.0
179011,101,145.0
144073,101,58.0
148475,101,64.0
124111,101,148.0
165654,101,130.0
122505,101,58.0
127678,101,111.0
180262,101,88.0
109680,101,59.0
137182,101,90.0
143543,101,128.0
157958,101,54.0
185275,101,110.0
164880,101,122.0
82147,101,139.0
160440,101,86.0
185671,101,105.0
176429,101,125.0
152063,101,61.0
144560,101,121.0
174427,101,117.0
161404,101,80.0
107938,101,105.0
80679,101,71.0
181002,101,63.0
66814,101,99.0
116314,101,112.0
184378,101,100.0
46969,101,115.0
173965,101,65.0
91055,101,113.0
161850,101,61.0
15084,101,119.0
152301,101,139.0
145516,100,133.0
166003,100,106.0
140497,100,91.0
147155,100,59.0
134566,100,80.0
100270,100,56.0
144601,100,137.0
153356,100,138.0
163794,100,80.0
163976,100,77.0
183013,100,103.0
155115,100,78.0
129524,100,55.0
103252,100,61.0
127830,100,87.0
175980,100,68.0
187700,100,137.0
163381,100,137.0
80158,100,112.0
163365,100,100.0
176816,100,97.0
151053,100,91.0
182822,100,82.0
187444,100,146.0
106514,100,119.0
90401,100,146.0
183715,100,140.0
173469,100,52.0
142070,100,94.0
113247,100,136.0
175010,100,140.0
172205,100,110.0
150437,99,140.0
92968,99,107.0
100097,99,109.0
129871,99,57.0
162131,99,65.0
54299,99,138.0
170214,99,144.0
120005,99,116.0
164354,99,61.0
163995,99,90.0
153977,99,56.0
137432,99,83.0
56886,99,94.0
136027,99,146.0
67720,99,114.0
188537,99,147.0
162136,99,96.0
187757,99,113.0
128369,99,78.0
189685,99,99.0
132403,99,75.0
149375,99,55.0
105613,99,99.0
148419,99,67.0
138821,99,108.0
173588,99,60.0
157919,99,85.0
95779,99,84.0
125642,99,92.0
140492,99,130.0
176437,99,123.0
168661,99,62.0
169430,99,78.0
124301,99,134.0
155745,99,82.0
176992,99,102.0
130720,99,116.0
168531,99,119.0
66475,99,59.0
137267,99,133.0
144028,99,63.0
36027,99,101.0
155657,99,63.0
138820,99,74.0
92578,99,61.0
137218,99,61.0
184387,99,52.0
189091,99,101.0
37072,99,65.0
171627,99,114.0
155486,99,102.0
154403,99,144.0
97871,99,75.0
145635,99,137.0
183590,98,58.0
59070,98,142.0
155991,98,136.0
178919,98,87.0
190852,98,141.0
82135,98,150.0
191960,98,146.0
129529,98,62.0
105436,98,149.0
58041,98,125.0
161230,98,114.0
128215,98,144.0
140732,98,113.0
191175,98,145.0
154614,98,77.0
172361,98,139.0
171558,98,128.0
141901,98,71.0
180474,98,119.0
178048,98,105.0
191963,98,69.0
189757,98,113.0
125445,98,83.0
176704,98,148.0
85987,98,150.0
153321,98,63.0
151436,98,66.0
98826,98,150.0
160669,98,136.0
168136,98,125.0
186139,98,137.0
161661,98,149.0
163889,98,77.0
191554,98,101.0
178318,98,106.0
114912,98,133.0
172004,98,121.0
124452,98,56.0
168420,98,55.0
165209,98,108.0
190408,98,119.0
182766,98,148.0
167768,98,53.0
176647,98,106.0
171317,97,73.0
136876,97,82.0
161785,97,139.0
136888,97,69.0
191432,97,70.0
180560,97,67.0
182305,97,77.0
138682,97,103.0
109845,97,70.0
128675,97,133.0
167217,97,136.0
184654,97,148.0
170195,97,150.0
177031,97,88.0
168103,97,85.0
64469,97,75.0
186649,97,105.0
136662,97,80.0
140314,97,85.0
182990,97,81.0
59024,97,132.0
132158,97,89.0
128978,97,140.0
43952,97,88.0
4185,97,91.0
156327,97,93.0
188560,97,121.0
186468,97,98.0
33507,97,50.0
157297,97,79.0
139510,97,130.0
77822,97,110.0
60014,97,67.0
51772,97,138.0
153440,97,67.0
156041,97,112.0
113215,97,83.0
157694,97,126.0
132176,97,103.0
87180,97,82.0
168133,96,142.0
152608,96,97.0
126909,96,73.0
198143,96,50.0
197643,96,86.0
76311,96,114.0
161830,96,150.0
22350,96,147.0
163319,96,105.0
162252,96,119.0
196082,96,74.0
176164,96,96.0
139231,96,97.0
102981,96,123.0
168585,96,140.0
152395,96,91.0
54348,96,134.0
103076,96,127.0
131315,96,128.0
150644,96,149.0
162220,96,71.0
65475,96,110.0
62551,96,55.0
196072,96,113.0
189988,96,101.0
146889,96,150.0
191623,96,146.0
150606,96,100.0
102978,96,135.0
121138,96,134.0
53989,96,57.0
184285,96,101.0
195721,96,94.0
154501,96,128.0
167140,95,122.0
16317,95,82.0
165104,95,145.0
102173,95,124.0
200446,95,140.0
157638,95,68.0
155497,95,130.0
176968,95,136.0
80374,95,56.0
135503,95,140.0
158405,95,133.0
29960,95,108.0
143492,95,133.0
147825,95,95.0
169382,95,134.0
195744,95,74.0
186313,95,51.0
138144,95,50.0
140707,95,135.0
155802,95,118.0
42407,95,65.0
185528,95,56.0
176923,95,126.0
172491,95,147.0
108737,95,67.0
147088,95,120.0
80928,95,120.0
144092,95,131.0
184658,95,123.0
150758,95,132.0
63037,95,140.0
171330,95,137.0
172321,95,119.0
85671,95,109.0
162636,95,139.0
195096,95,95.0
159477,95,137.0
189578,95,142.0
170513,95,144.0
195673,95,133.0
167599,95,93.0
170909,95,107.0
192506,95,133.0
174165,94,96.0
175982,94,150.0
189037,94,107.0
202181,94,141.0
198380,94,65.0
181450,94,81.0
196120,94,111.0
19061,94,95.0
149467,94,144.0
159889,94,110.0
13219,94,69.0
203742,94,140.0
2960,94,121.0
202716,94,126.0
140489,94,93.0
181720,94,142.0
122554,94,121.0
149263,94,138.0
194313,94,78.0
196238,94,116.0
135324,94,53.0
191506,94,114.0
168826,94,141.0
88555,94,139.0
106153,94,105.0
154504,94,140.0
94009,94,62.0
187551,94,82.0
165596,94,106.0
96000,94,146.0
195010,94,111.0
187602,94,84.0
124942,94,53.0
194938,94,76.0
128593,94,138.0
163626,94,91.0
150737,94,64.0
43942,94,106.0
70787,94,50.0
160094,94,125.0
15585,94,87.0
146141,94,62.0
146688,94,132.0
12129,94,127.0
156439,94,94.0
152628,94,59.0
134466,94,134.0
144243,94,136.0
133331,94,112.0
181230,94,107.0
198955,94,139.0
143907,93,94.0
132732,93,63.0
127132,93,55.0
178691,93,145.0
119127,93,93.0
125047,93,131.0
165976,93,87.0
151041,93,102.0
176016,93,57.0
26423,93,117.0
179276,93,81.0
179168,93,51.0
154401,93,133.0
197765,93,82.0
196567,93,123.0
138077,93,147.0
76026,93,83.0
149249,93,102.0
205884,93,142.0
197630,93,101.0
190866,93,59.0
199572,93,82.0
141259,93,52.0
135705,93,55.0
203214,93,149.0
56324,93,85.0
204636,93,139.0
183068,93,65.0
162265,93,102.0
178965,93,61.0
102009,92,131.0
193956,92,95.0
188710,92,97.0
198844,92,135.0
190013,92,97.0
9891,92,51.0
156167,92,74.0
62462,92,89.0
127311,92,73.0
198759,92,61.0
198739,92,73.0
168170,92,132.0
180685,92,133.0
176375,92,121.0
72680,92,72.0
200337,92,83.0
191373,92,123.0
180552,92,134.0
167976,92,107.0
164506,92,77.0
191044,92,122.0
119046,92,98.0
155819,92,77.0
184502,92,77.0
99183,92,90.0
5613,92,68.0
176430,92,95.0
188395,92,76.0
189510,92,78.0
191699,92,117.0
90547,92,59.0
164872,92,113.0
171242,92,87.0
193541,92,88.0
179055,92,76.0
181254,92,134.0
107798,92,136.0
188975,92,113.0
177427,92,139.0
83407,92,106.0
165136,92,132.0
98266,92,99.0
100857,91,90.0
85029,91,121.0
199377,91,86.0
185754,91,89.0
136120,91,70.0
181006,91,89.0
9761,91,50.0
210828,91,53.0
183971,91,65.0
165950,91,137.0
191497,91,53.0
196723,91,146.0
140781,91,74.0
163832,91,99.0
194908,91,56.0
126381,91,66.0
209774,91,73.0
185496,91,100.0
200459,91,134.0
206079,91,57.0
170123,91,78.0
134594,91,75.0
87129,91,83.0
209385,91,139.0
137076,91,102.0
209328,91,63.0
194621,91,53.0
172199,91,150.0
82008,91,74.0
210674,91,127.0
168444,91,52.0
94778,91,135.0
179981,91,107.0
37249,91,108.0
149791,91,119.0
132326,91,78.0
154150,91,51.0
205011,91,134.0
173174,91,140.0
204834,91,67.0
137663,91,124.0
189962,91,105.0
194436,91,145.0
197386,90,126.0
160278,90,69.0
190900,90,141.0
192926,90,142.0
197982,90,50.0
155448,90,137.0
209768,90,124.0
210227,90,82.0
206099,90,96.0
209679,90,85.0
26959,90,102.0
74498,90,93.0
197194,90,126.0
184948,90,109.0
142346,90,59.0
150931,90,127.0
136093,90,69.0
209602,90,97.0
189268,90,109.0
214942,90,122.0
211116,90,78.0
198630,90,96.0
195945,90,82.0
163813,90,50.0
156550,90,145.0
75590,90,141.0
146717,90,128.0
201358,90,106.0
183020,90,106.0
201576,90,72.0
198657,90,113.0
185189,90,101.0
183267,90,57.0
107871,90,136.0
187265,90,82.0
213582,90,129.0
100730,90,105.0
200547,90,109.0
189572,90,101.0
209844,90,148.0
157096,90,120.0
174515,90,122.0
194104,90,106.0
171962,90,82.0
143611,90,127.0
186870,90,74.0
192397,90,141.0
148643,90,58.0
201726,90,90.0
121435,89,59.0
174652,89,132.0
188632,89,53.0
182389,89,129.0
171699,89,94.0
127200,89,138.0
207900,89,128.0
142073,89,98.0
188485,89,135.0
210346,89,65.0
184589,89,72.0
156030,89,86.0
167477,89,79.0
130003,89,134.0
189700,89,91.0
217434,89,144.0
193513,89,80.0
186643,89,102.0
213539,89,105.0
215470,89,137.0
191002,89,138.0
149392,89,141.0
88661,89,74.0
164473,89,92.0
158582,89,142.0
179578,89,63.0
65334,89,111.0
84403,89,62.0
175898,89,106.0
188363,89,127.0
64900,89,93.0
207060,89,79.0
198680,89,145.0
195869,89,146.0
185640,89,63.0
20845,89,85.0
176353,89,114.0
130193,89,97.0
212379,88,120.0
201968,88,61.0
152680,88,78.0
156082,88,97.0
110868,88,100.0
170627,88,91.0
199092,88,109.0
212920,88,120.0
181661,88,105.0
217773,88,75.0
160748,88,82.0
212589,88,100.0
208323,88,100.0
218257,88,115.0
219701,88,128.0
201470,88,116.0
170204,88,130.0
149106,88,141.0
58005,88,119.0
197268,88,69.0
135569,88,112.0
20609,88,145.0
96272,88,136.0
145147,88,75.0
210258,88,60.0
211727,88,54.0
184732,88,95.0
186233,88,88.0
211281,88,115.0
182680,88,150.0
195389,88,86.0
193738,88,93.0
164007,88,110.0
123868,88,68.0
210696,88,56.0
144651,88,136.0
175332,88,114.0
202167,88,60.0
219569,88,122.0
214723,88,138.0
132368,88,109.0
155805,88,111.0
181472,88,82.0
197847,88,57.0
202346,88,101.0
172496,88,53.0
54809,88,109.0
161553,88,131.0
172318,88,95.0
54543,88,87.0
211408,88,127.0
152480,88,74.0
162111,88,56.0
171098,87,134.0
208430,87,129.0
79380,87,119.0
142151,87,126.0
181879,87,77.0
220906,87,81.0
164414,87,143.0
142338,87,62.0
195029,87,113.0
162823,87,130.0
113610,87,118.0
195331,87,147.0
182139,87,99.0
188526,87,106.0
91223,87,135.0
215663,87,115.0
209869,87,72.0
210767,87,84.0
220396,87,150.0
27992,87,110.0
165964,87,67.0
220877,87,122.0
154340,87,78.0
181490,87,93.0
175614,87,114.0
158039,87,125.0
104095,87,134.0
211633,87,122.0
202026,87,66.0
59959,87,129.0
220674,87,60.0
108064,87,98.0
189940,87,80.0
194357,87,74.0
196416,87,92.0
221756,87,69.0
203836,87,95.0
166462,87,103.0
139655,87,54.0
94789,87,104.0
216504,87,95.0
208356,87,87.0
13777,87,117.0
223875,87,82.0
194550,86,82.0
152980,86,143.0
179708,86,58.0
222587,86,56.0
142358,86,93.0
196975,86,96.0
199419,86,108.0
105711,86,86.0
186688,86,111.0
225632,86,56.0
160591,86,52.0
181892,86,110.0
47239,86,149.0
129121,86,113.0
134249,86,68.0
208865,86,82.0
143562,86,88.0
154516,86,70.0
201478,86,86.0
176754,86,138.0
210221,86,53.0
205816,86,132.0
183587,86,59.0
218598,86,144.0
156992,86,71.0
125233,86,51.0
67179,86,137.0
157858,86,91.0
87738,86,149.0
7951,86,95.0
183021,86,109.0
46829,86,72.0
202972,86,128.0
207336,86,82.0
207279,86,119.0
212753,86,60.0
137296,86,110.0
205327,86,102.0
193076,86,144.0
223407,86,106.0
206470,86,139.0
209277,86,82.0
188073,86,53.0
66245,85,58.0
142703,85,89.0
149965,85,128.0
130939,85,80.0
23462,85,89.0
216776,85,122.0
227672,85,72.0
216051,85,105.0
218455,85,131.0
2160,85,113.0
171976,85,76.0
165423,85,148.0
101594,85,125.0
226588,85,74.0
183643,85,72.0
184137,85,132.0
178993,85,140.0
196450,85,66.0
203431,85,144.0
197560,85,83.0
87473,85,111.0
113335,85,74.0
227383,85,118.0
174908,85,78.0
156228,85,54.0
204583,85,55.0
110075,85,61.0
194824,85,127.0
75696,85,99.0
131806,85,141.0
171643,85,82.0
212965,85,105.0
95894,85,52.0
224581,85,59.0
223925,85,75.0
176893,85,106.0
226035,85,73.0
201738,85,95.0
97593,85,147.0
229008,85,102.0
52738,85,68.0
212033,85,76.0
230019,85,84.0
89881,85,71.0
197969,84,76.0
179109,84,102.0
214530,84,64.0
219229,84,119.0
123920,84,73.0
210783,84,88.0
205201,84,70.0
174695,84,148.0
7479,84,90.0
98998,84,103.0
209890,84,62.0
165247,84,148.0
99440,84,52.0
232411,84,146.0
204844,84,71.0
210096,84,97.0
178118,84,90.0
197734,84,89.0
154594,84,112.0
229027,84,55.0
227900,84,60.0
178732,84,73.0
172529,84,92.0
224722,84,106.0
121707,84,58.0
161038,84,104.0
215638,84,143.0
227764,84,114.0
173373,84,90.0
33465,84,97.0
135496,84,68.0
189089,84,79.0
223102,84,65.0
199619,84,55.0
228534,84,126.0
194063,84,128.0
225258,84,149.0
196983,84,88.0
178918,84,111.0
217924,84,128.0
217917,84,116.0
186646,84,143.0
231739,84,101.0
178698,84,101.0
224098,84,130.0
8964,84,109.0
138361,84,120.0
152864,84,81.0
155944,84,91.0
107482,84,59.0
166461,84,116.0
55821,84,119.0
178687,84,109.0
159442,84,147.0
75321,84,114.0
188986,84,75.0
13176,84,144.0
206030,84,54.0
94439,84,57.0
194035,84,98.0
172683,84,95.0
218342,84,143.0
167113,84,131.0
186557,84,118.0
230944,84,141.0
197085,84,87.0
213741,84,138.0
233569,84,66.0
156135,84,136.0
137830,83,76.0
206953,83,132.0
227895,83,136.0
49525,83,69.0
216680,83,114.0
197998,83,123.0
193145,83,81.0
167950,83,52.0
204984,83,142.0
207114,83,70.0
193478,83,98.0
229092,83,79.0
191084,83,115.0
85197,83,120.0
48452,83,127.0
209761,83,143.0
188597,83,121.0
194442,83,66.0
218260,83,86.0
221361,83,100.0
192932,83,94.0
158099,83,77.0
19425,83,81.0
183830,83,56.0
200844,83,131.0
198653,83,107.0
217640,83,149.0
171845,83,71.0
181516,83,90.0
137217,83,103.0
128572,83,72.0
181213,83,137.0
129032,83,111.0
139217,83,138.0
116758,83,108.0
164638,83,97.0
207207,83,149.0
147353,83,135.0
225888,83,125.0
197571,83,113.0
162292,83,87.0
147259,83,139.0
102167,83,149.0
149177,83,96.0
200065,83,147.0
32829,83,139.0
177101,83,62.0
236292,83,92.0
59376,83,116.0
103575,83,111.0
193784,83,85.0
170576,83,117.0
228434,83,52.0
34247,83,99.0
217199,83,95.0
220162,83,79.0
181681,83,130.0
215914,83,85.0
189474,82,138.0
218531,82,150.0
210707,82,129.0
173379,82,92.0
228010,82,117.0
231536,82,137.0
147031,82,78.0
239505,82,107.0
72141,82,67.0
213220,82,120.0
233560,82,112.0
160059,82,129.0
222792,82,94.0
147274,82,88.0
216624,82,140.0
106558,82,148.0
131232,82,72.0
222017,82,144.0
170604,82,116.0
128552,82,66.0
97040,82,56.0
156660,82,129.0
181570,82,121.0
208380,82,96.0
10784,82,73.0
218328,82,127.0
88135,82,121.0
236722,82,51.0
114746,82,54.0
88351,82,65.0
218352,82,112.0
211729,82,130.0
181308,82,111.0
182930,82,126.0
222973,82,110.0
218094,82,74.0
221748,82,134.0
222175,82,128.0
139258,82,84.0
22387,82,59.0
191826,82,52.0
237224,82,71.0
231867,82,51.0
225282,82,135.0
147040,82,98.0
117241,82,72.0
205032,82,127.0
29928,82,79.0
196866,82,117.0
101210,82,87.0
217302,82,71.0
122543,82,63.0
168390,82,58.0
199346,82,52.0
143928,82,77.0
148016,82,72.0
203772,82,137.0
4041,82,110.0
239855,82,77.0
228522,82,146.0
203128,82,129.0
233685,82,140.0
224109,82,83.0
203572,82,123.0
190525,81,81.0
64049,81,142.0
218384,81,120.0
56536,81,129.0
240071,81,86.0
218442,81,78.0
233905,81,124.0
174565,81,54.0
171004,81,149.0
176683,81,82.0
237741,81,87.0
144927,81,73.0
175551,81,65.0
66316,81,57.0
210994,81,56.0
215137,81,106.0
192342,81,71.0
202894,81,124.0
152675,81,150.0
225352,81,107.0
174927,81,86.0
234526,81,116.0
202259,81,72.0
183592,81,85.0
219308,81,129.0
219309,81,78.0
233552,81,146.0
196054,81,90.0
240166,81,96.0
195690,81,61.0
242189,81,65.0
126265,81,106.0
102977,81,132.0
228780,81,72.0
228742,81,72.0
237474,81,80.0
161449,81,50.0
152318,81,140.0
239238,81,98.0
193699,81,143.0
107640,81,84.0
181710,81,125.0
215673,81,73.0
238219,81,131.0
222311,81,138.0
159272,81,87.0
221630,81,89.0
170247,81,97.0
212602,81,139.0
188867,81,112.0
166224,81,148.0
22158,81,141.0
225133,81,137.0
149065,81,60.0
139702,81,107.0
229074,81,62.0
213618,81,88.0
216212,81,143.0
197225,81,78.0
243266,81,117.0
95294,80,64.0
204883,80,100.0
222811,80,148.0
2958,80,134.0
223771,80,134.0
179014,80,124.0
42653,80,109.0
200903,80,147.0
242054,80,60.0
204854,80,53.0
188420,80,123.0
241360,80,54.0
189097,80,102.0
150555,80,53.0
238580,80,99.0
163063,80,117.0
216068,80,68.0
61641,80,114.0
244031,80,88.0
246081,80,89.0
131288,80,121.0
201861,80,75.0
223033,80,80.0
163379,80,114.0
190310,80,105.0
45127,80,139.0
227955,80,69.0
188476,80,59.0
87840,80,63.0
101041,80,82.0
31241,80,137.0
231932,80,57.0
86160,80,61.0
212539,80,113.0
186110,80,130.0
154320,80,53.0
211364,80,58.0
246368,80,107.0
231578,80,117.0
231853,80,54.0
134875,80,70.0
175870,80,130.0
31490,80,61.0
133666,80,127.0
226394,80,77.0
186929,80,96.0
138121,80,59.0
242656,80,128.0
197231,80,94.0
163943,80,109.0
218263,80,148.0
137550,80,130.0
222358,80,125.0
141239,80,83.0
187370,80,116.0
25470,80,87.0
174256,80,137.0
232975,80,61.0
181019,80,141.0
155411,80,94.0
209779,80,145.0
155467,80,105.0
246665,80,130.0
148940,80,120.0
183716,80,92.0
77706,80,79.0
240733,80,113.0
175021,79,141.0
25883,79,63.0
244561,79,117.0
211098,79,92.0
230360,79,76.0
228771,79,146.0
159835,79,111.0
139078,79,72.0
104716,79,130.0
110812,79,121.0
109031,79,133.0
218476,79,113.0
209996,79,110.0
127237,79,85.0
215489,79,76.0
201916,79,67.0
76700,79,78.0
237180,79,56.0
251446,79,124.0
140036,79,78.0
248619,79,136.0
251241,79,98.0
178911,79,89.0
249794,79,139.0
239347,79,84.0
126912,79,58.0
251275,79,141.0
66996,79,149.0
118865,79,84.0
250215,79,120.0
208492,79,96.0
11319,79,99.0
241854,79,97.0
42827,79,144.0
112213,79,138.0
126921,79,141.0
153673,79,75.0
225097,79,93.0
231573,79,56.0
216024,79,81.0
68207,79,81.0
233353,79,150.0
154285,79,141.0
215625,79,129.0
181360,79,68.0
75992,79,101.0
226432,79,128.0
165390,79,121.0
214693,79,52.0
154744,79,82.0
168028,79,129.0
203191,79,72.0
227089,79,89.0
55691,79,92.0
243756,79,96.0
207007,79,83.0
185029,79,103.0
188621,79,107.0
190192,79,88.0
44888,79,116.0
199063,79,129.0
29996,79,137.0
122439,78,142.0
235042,78,141.0
237690,78,72.0
151383,78,83.0
158480,78,114.0
253397,78,107.0
242294,78,145.0
235470,78,79.0
27338,78,114.0
186296,78,114.0
188232,78,71.0
210659,78,100.0
177210,78,86.0
140002,78,68.0
214077,78,140.0
247258,78,104.0
188941,78,150.0
243135,78,101.0
196042,78,70.0
181011,78,92.0
243588,78,82.0
250587,78,122.0
161886,78,110.0
105066,78,148.0
41698,78,123.0
253721,78,101.0
226283,78,69.0
157336,78,127.0
247425,78,84.0
204076,78,91.0
53996,78,126.0
238909,78,55.0
15204,78,140.0
252687,78,103.0
173455,78,108.0
241033,78,142.0
14245,78,79.0
226307,78,115.0
159839,78,84.0
198688,78,76.0
82566,78,141.0
125206,78,102.0
40378,78,50.0
156019,78,84.0
131337,78,91.0
188658,78,95.0
226674,78,144.0
255059,78,58.0
221316,78,65.0
40075,78,114.0
202632,78,80.0
213996,78,75.0
141878,78,73.0
244234,77,137.0
165118,77,61.0
49448,77,132.0
177890,77,53.0
258973,77,139.0
258685,77,131.0
250649,77,69.0
213617,77,88.0
257476,77,87.0
258182,77,138.0
121254,77,69.0
247375,77,103.0
178068,77,114.0
194990,77,143.0
246382,77,147.0
253238,77,113.0
133145,77,102.0
233678,77,139.0
203719,77,71.0
227153,77,71.0
167722,77,140.0
206877,77,149.0
188714,77,58.0
201124,77,150.0
210250,77,144.0
112250,77,93.0
191760,77,71.0
159636,77,61.0
123712,77,64.0
225604,77,126.0
196742,77,89.0
18082,77,113.0
154514,77,121.0
249047,77,115.0
227842,77,124.0
209270,77,84.0
210523,77,91.0
209742,77,50.0
228324,77,89.0
118389,77,78.0
196548,77,107.0
218515,77,149.0
238172,77,77.0
238514,77,135.0
4616,77,84.0
228520,77,90.0
218432,77,137.0
198938,77,95.0
209717,77,78.0
180781,76,71.0
242161,76,69.0
247617,76,86.0
192218,76,101.0
219288,76,133.0
260859,76,115.0
48826,76,113.0
250387,76,70.0
206705,76,150.0
164520,76,111.0
244574,76,134.0
257908,76,65.0
234758,76,147.0
260553,76,71.0
218986,76,73.0
241512,76,141.0
156829,76,141.0
159840,76,125.0
213347,76,146.0
190858,76,92.0
19990,76,144.0
261450,76,74.0
12038,76,61.0
195387,76,73.0
29154,76,57.0
206863,76,125.0
221566,76,117.0
88789,76,121.0
4719,76,125.0
5834,76,144.0
258199,76,138.0
207521,76,72.0
12179,76,133.0
221997,76,121.0
163202,76,81.0
201395,76,109.0
133529,76,148.0
1359,76,81.0
235903,76,91.0
42551,76,127.0
246758,76,143.0
222331,76,126.0
206101,76,148.0
214194,76,149.0
215697,76,108.0
233182,76,86.0
255925,76,60.0
211008,76,105.0
221575,76,112.0
216239,76,88.0
244691,76,61.0
60704,76,118.0
218472,76,109.0
257742,76,150.0
137027,76,96.0
207365,76,91.0
247847,76,146.0
257740,76,126.0
89386,76,148.0
250441,76,106.0
229515,76,80.0
211143,76,103.0
228787,76,108.0
116129,76,108.0
261611,76,94.0
199266,76,99.0
239802,75,65.0
256358,75,144.0
235485,75,87.0
201381,75,89.0
6083,75,100.0
265387,75,105.0
179458,75,69.0
206755,75,140.0
230970,75,124.0
255561,75,121.0
232539,75,66.0
221370,75,66.0
99038,75,118.0
218616,75,90.0
254335,75,126.0
210313,75,127.0
243379,75,93.0
189690,75,56.0
248192,75,54.0
257819,75,101.0
136287,75,58.0
13919,75,79.0
216031,75,127.0
173033,75,99.0
249136,75,63.0
161960,75,126.0
158135,75,95.0
194189,75,118.0
158101,75,53.0
108220,75,59.0
196627,75,129.0
231198,75,52.0
202074,75,121.0
213740,75,107.0
261160,75,133.0
174718,75,118.0
109940,75,149.0
257390,75,109.0
209631,75,54.0
138720,75,139.0
222316,75,62.0
233945,75,127.0
107671,75,130.0
161889,75,96.0
177712,75,108.0
145381,75,115.0
163163,75,101.0
16286,75,127.0
35654,75,56.0
235823,75,112.0
266849,75,103.0
262939,75,143.0
244021,75,87.0
235404,75,82.0
256834,75,144.0
264579,75,115.0
264877,75,148.0
209142,75,99.0
263796,75,53.0
149276,75,101.0
248163,75,113.0
207857,75,72.0
255490,75,105.0
255491,75,109.0
237514,75,114.0
123661,75,76.0
48437,75,139.0
207136,75,83.0
201974,75,122.0
202722,75,78.0
234170,75,88.0
245381,75,81.0
196047,75,103.0
166157,75,143.0
203174,74,99.0
201125,74,69.0
123367,74,144.0
222213,74,58.0
227643,74,58.0
264254,74,72.0
257203,74,85.0
158304,74,82.0
225237,74,141.0
216557,74,133.0
168981,74,129.0
64172,74,68.0
255210,74,119.0
181750,74,92.0
144358,74,74.0
122874,74,102.0
242087,74,112.0
172800,74,103.0
243636,74,109.0
54924,74,90.0
60419,74,86.0
250484,74,86.0
