radio,mcc,net,area,cell,unit,lon,lat,range,samples,changeable,created,updated,averageSignal,size,flag,x,y,cloud_id,status
LTE,216.0,30.0,12002.0,96002.0,0.0,19.12467,47.465172,134530.0,1664.0,1.0,1416502601.0,1523083585.0,0.0,711.0,0.0,22177699.72668064,6115787.290337078,3.0,1.0
LTE,216.0,30.0,12000.0,104195.0,0.0,19.059226,47.508796,79159.0,373.0,1.0,1416502601.0,1429849718.0,0.0,972.0,0.0,22170410.838865217,6111576.969679015,3.0,1.0
LTE,216.0,30.0,12000.0,135939.0,0.0,19.088644,47.520522,55099.0,378.0,1.0,1416736401.0,1429699160.0,0.0,664.0,0.0,22173687.29662688,6110444.906457043,3.0,1.0
LTE,262.0,1.0,4504.0,28222465.0,0.0,10.675213,53.89668,60832.0,586.0,1.0,1419678470.0,1473595727.0,0.0,636.0,0.0,21236633.40777852,5471468.863222018,3.0,1.0
LTE,216.0,30.0,12001.0,124930.0,0.0,18.940911,47.489346,87139.0,31.0,1.0,1420562834.0,1429705828.0,0.0,687.0,0.0,22157233.39308132,6113454.41170115,3.0,1.0
LTE,262.0,1.0,22512.0,25969921.0,0.0,12.413806,48.954838,68687.0,315.0,1.0,1421652169.0,1487475044.0,0.0,1000.0,0.0,21430270.85863234,5970857.952686396,3.0,1.0
LTE,262.0,1.0,4504.0,31295745.0,0.0,10.734647,53.916694,86003.0,2110.0,1.0,1422103776.0,1473788789.0,0.0,834.0,0.0,21243252.92612125,5469383.03823329,3.0,1.0
LTE,262.0,1.0,4604.0,28213249.0,0.0,10.126941,53.522516,59552.0,423.0,1.0,1422633996.0,1473899758.0,0.0,979.0,0.0,21175569.091716893,5510363.617029686,3.0,1.0
LTE,262.0,1.0,4604.0,28172801.0,0.0,10.075767,53.522312,61914.0,74.0,1.0,1422633996.0,1596610164.0,0.0,986.0,0.0,21169869.53873929,5510384.771557769,3.0,1.0
LTE,216.0,30.0,12001.0,123907.0,0.0,19.101287,47.536788,64386.0,129.0,1.0,1422865521.0,1429276391.0,0.0,937.0,0.0,22175095.422790475,6108874.2980788415,3.0,1.0
LTE,216.0,30.0,12001.0,125955.0,0.0,19.08555,47.524595,62625.0,45.0,1.0,1422865521.0,1429397585.0,0.0,672.0,0.0,22173342.69943079,6110051.652912561,3.0,1.0
LTE,216.0,30.0,12000.0,126467.0,0.0,19.08626,47.512048,106524.0,724.0,1.0,1422865521.0,1526206514.0,0.0,726.0,0.0,22173421.77635685,6111263.026358856,3.0,1.0
LTE,216.0,30.0,12000.0,75779.0,0.0,19.084194,47.508643,106545.0,1480.0,1.0,1422865521.0,1525583678.0,0.0,677.0,0.0,22173191.67363961,6111591.739800679,3.0,1.0
LTE,216.0,30.0,12001.0,109057.0,0.0,19.117499,47.600526,118227.0,74.0,1.0,1422865521.0,1429606928.0,0.0,732.0,0.0,22176901.04972745,6102717.209751107,3.0,1.0
LTE,238.0,6.0,40601.0,206599.0,0.0,12.35468,55.694907,61448.0,306.0,1.0,1422961539.0,1488723483.0,0.0,898.0,0.0,21423685.644082885,5281827.116365002,3.0,1.0
LTE,238.0,6.0,40601.0,206600.0,0.0,12.336159,55.685352,60151.0,330.0,1.0,1422961549.0,1488723483.0,0.0,846.0,0.0,21421622.85007229,5282847.023353605,3.0,1.0
LTE,238.0,6.0,40601.0,96519.0,0.0,12.315906,55.670811,58664.0,560.0,1.0,1422961549.0,1488723483.0,0.0,500.0,0.0,21419367.152912494,5284398.882283539,3.0,1.0
LTE,262.0,1.0,16507.0,28632066.0,0.0,12.084682,51.819222,100788.0,19.0,1.0,1423561551.0,1492349417.0,0.0,973.0,0.0,21393614.35974225,5685091.333333164,3.0,1.0
LTE,262.0,1.0,21010.0,26512896.0,0.0,11.617859,48.202079,131929.0,483.0,1.0,1424066539.0,1580113538.0,0.0,503.0,0.0,21341621.503610928,6044394.145817103,3.0,1.0
LTE,262.0,1.0,22503.0,31134210.0,0.0,12.160913,49.809937,55660.0,2088.0,1.0,1424970159.0,1487258623.0,0.0,743.0,0.0,21402104.659954,5886556.155614903,3.0,1.0
LTE,226.0,1.0,23220.0,233106179.0,0.0,26.149918,44.542278,349652.0,129.0,1.0,1425576395.0,1492175810.0,0.0,510.0,0.0,22960143.41208368,6393496.630508754,3.0,1.0
LTE,262.0,1.0,16545.0,31559936.0,0.0,12.39123,51.218833,81270.0,1071.0,1.0,1426535824.0,1648799981.0,0.0,859.0,0.0,21427756.4351356,5745801.729045123,3.0,1.0
LTE,216.0,30.0,12000.0,130818.0,0.0,19.081785,47.501467,140727.0,2000.0,1.0,1426931741.0,1646559842.0,0.0,850.0,0.0,22172923.36897077,6112284.459770637,3.0,1.0
LTE,216.0,30.0,12003.0,116225.0,0.0,19.020908,47.466461,105556.0,956.0,1.0,1426946965.0,1660212981.0,0.0,675.0,0.0,22166143.135129027,6115662.912679054,3.0,1.0
LTE,216.0,30.0,65534.0,205571.0,0.0,21.64352,47.549591,60778.0,32.0,1.0,1426956314.0,1436932748.0,0.0,830.0,0.0,22458239.04386595,6107637.87296732,3.0,1.0
LTE,216.0,30.0,12000.0,98309.0,0.0,19.090308,47.502788,105946.0,947.0,1.0,1426960275.0,1475450419.0,0.0,829.0,0.0,22173872.62621133,6112156.943904793,3.0,1.0
LTE,216.0,30.0,12003.0,216070.0,0.0,18.955891,47.459203,50737.0,236.0,1.0,1426967835.0,1485471120.0,0.0,662.0,0.0,22158901.80484519,6116363.225854252,3.0,1.0
LTE,216.0,1.0,5122.0,79361.0,0.0,19.046737,47.477071,57680.0,2000.0,1.0,1426975026.0,1645955333.0,0.0,998.0,0.0,22169019.86459826,6114639.070531825,3.0,1.0
LTE,216.0,30.0,12002.0,152579.0,0.0,19.137261,47.545865,65126.0,523.0,1.0,1426984028.0,1429708417.0,0.0,759.0,0.0,22179102.061294723,6107997.722092064,3.0,1.0
LTE,216.0,30.0,930.0,189954.0,0.0,18.886086,47.573528,92996.0,944.0,1.0,1427037135.0,1523705347.0,0.0,571.0,0.0,22151127.20650225,6105325.739201839,3.0,1.0
LTE,216.0,30.0,12003.0,150530.0,0.0,19.127216,47.376388,59612.0,433.0,1.0,1427049191.0,1530003336.0,0.0,524.0,0.0,22177983.28985493,6124349.99979526,3.0,1.0
LTE,216.0,30.0,1430.0,442627.0,0.0,19.638016,46.9048,66934.0,2.0,1.0,1427028128.0,1427028128.0,0.0,684.0,0.0,22234874.12623592,6169694.210280294,3.0,1.0
LTE,216.0,30.0,1430.0,452866.0,0.0,19.62061,46.914353,65382.0,2.0,1.0,1427051720.0,1457513721.0,0.0,618.0,0.0,22232935.51641202,6168777.952744771,3.0,1.0
LTE,216.0,30.0,12000.0,360450.0,0.0,19.085671,47.47435,98206.0,116.0,1.0,1427102833.0,1505801680.0,0.0,918.0,0.0,22173356.175921004,6114901.652460655,3.0,1.0
LTE,216.0,30.0,12000.0,360193.0,0.0,19.120136,47.466468,99887.0,189.0,1.0,1427103203.0,1675856400.0,0.0,692.0,0.0,22177194.74811339,6115662.237233163,3.0,1.0
LTE,216.0,30.0,12002.0,98051.0,0.0,19.14808,47.463101,57444.0,324.0,1.0,1427141533.0,1484885369.0,0.0,741.0,0.0,22180307.037721515,6115987.120758995,3.0,1.0
LTE,216.0,30.0,12000.0,229890.0,0.0,19.093617,47.497104,96933.0,566.0,1.0,1427143154.0,1505664700.0,0.0,685.0,0.0,22174241.16923714,6112705.606231106,3.0,1.0
LTE,216.0,30.0,12000.0,360196.0,0.0,19.075393,47.485346,53989.0,131.0,1.0,1427175912.0,1680772008.0,0.0,635.0,0.0,22172211.45388435,6113840.468654677,3.0,1.0
LTE,216.0,30.0,12000.0,359169.0,0.0,19.056455,47.505247,136162.0,109.0,1.0,1427187975.0,1689175757.0,0.0,916.0,0.0,22170102.216101687,6111919.572232073,3.0,1.0
LTE,216.0,30.0,12000.0,359171.0,0.0,19.030038,47.50711,58301.0,44.0,1.0,1427262126.0,1681289808.0,0.0,765.0,0.0,22167159.997572564,6111739.729266291,3.0,1.0
LTE,216.0,30.0,12000.0,359939.0,0.0,19.089372,47.497839,77836.0,118.0,1.0,1427292924.0,1689175471.0,0.0,639.0,0.0,22173768.37832008,6112634.660431591,3.0,1.0
LTE,216.0,30.0,12000.0,99075.0,0.0,19.077994,47.512099,62987.0,274.0,1.0,1427304251.0,1619187889.0,0.0,993.0,0.0,22172501.142736007,6111258.102804776,3.0,1.0
LTE,216.0,30.0,12000.0,360707.0,0.0,19.083901,47.513621,104663.0,66.0,1.0,1427350161.0,1685962558.0,0.0,834.0,0.0,22173159.04048562,6111111.167243391,3.0,1.0
LTE,216.0,30.0,12002.0,153089.0,0.0,19.213723,47.435802,52533.0,894.0,1.0,1427364725.0,1474364171.0,0.0,552.0,0.0,22187618.089351423,6118620.775042526,3.0,1.0
LTE,216.0,1.0,5112.0,1316353.0,0.0,19.084003,47.325426,77533.0,215.0,1.0,1427367423.0,1652607154.0,0.0,678.0,0.0,22173170.400832742,6129261.260363976,3.0,1.0
LTE,216.0,30.0,30411.0,416771.0,0.0,19.924283,47.329424,114303.0,560.0,1.0,1427371395.0,1562390692.0,0.0,576.0,0.0,22266757.3859428,6128876.067220959,3.0,1.0
LTE,216.0,30.0,12001.0,124931.0,0.0,18.974975,47.507101,90501.0,15.0,1.0,1427372288.0,1429708278.0,0.0,717.0,0.0,22161027.303516872,6111740.598081676,3.0,1.0
LTE,216.0,30.0,12001.0,196354.0,0.0,18.936416,47.542928,142980.0,307.0,1.0,1427456526.0,1577521676.0,0.0,890.0,0.0,22156732.758176204,6108281.360959288,3.0,1.0
LTE,216.0,1.0,5112.0,63490.0,0.0,19.018542,47.45528,137498.0,156.0,1.0,1427551035.0,1683953141.0,0.0,636.0,0.0,22165879.61962613,6116741.726988791,3.0,1.0
LTE,216.0,30.0,12000.0,359173.0,0.0,19.023973,47.503878,103535.0,100.0,1.0,1427911034.0,1696692219.0,0.0,633.0,0.0,22166484.502422504,6112051.725038976,3.0,1.0
LTE,216.0,30.0,800.0,189698.0,0.0,19.237298,47.594509,103589.0,916.0,1.0,1427991310.0,1572603708.0,0.0,980.0,0.0,22190243.77742441,6103298.63513682,3.0,1.0
LTE,216.0,30.0,30481.0,416258.0,0.0,21.443536,47.440254,60183.0,279.0,1.0,1428052865.0,1511595153.0,0.0,836.0,0.0,22435965.635442268,6118191.3245118335,3.0,1.0
LTE,216.0,30.0,12001.0,196353.0,0.0,18.996779,47.558764,95791.0,22.0,1.0,1429093631.0,1481005921.0,0.0,547.0,0.0,22163455.744778525,6106751.901788211,3.0,1.0
LTE,216.0,30.0,410.0,499971.0,0.0,20.253725,47.178593,95021.0,89.0,1.0,1429266439.0,1430195303.0,0.0,544.0,0.0,22303449.302385688,6143396.541922467,3.0,1.0
LTE,262.0,1.0,16546.0,31904768.0,0.0,10.981337,50.430887,206220.0,65.0,1.0,1429282718.0,1477683041.0,0.0,869.0,0.0,21270728.25976813,5824810.962464362,3.0,1.0
LTE,216.0,30.0,65534.0,359684.0,0.0,19.286494,47.326744,112841.0,11.0,1.0,1429466055.0,1443661833.0,0.0,992.0,0.0,22195723.028768577,6129134.277578052,3.0,1.0
LTE,216.0,30.0,65534.0,93442.0,0.0,19.142433,47.510091,113890.0,161.0,1.0,1429466063.0,1466902012.0,0.0,634.0,0.0,22179678.097719472,6111451.953609325,3.0,1.0
LTE,216.0,30.0,65534.0,148738.0,0.0,19.148137,47.511123,94105.0,16.0,1.0,1429466217.0,1450145401.0,0.0,819.0,0.0,22180313.386150792,6111352.325638726,3.0,1.0
LTE,216.0,30.0,31302.0,521987.0,0.0,19.90969,47.682647,57244.0,142.0,1.0,1429466741.0,1618650285.0,0.0,665.0,0.0,22265132.076672427,6094777.991110945,3.0,1.0
LTE,216.0,30.0,65534.0,359169.0,0.0,19.297273,47.307434,110651.0,15.0,1.0,1429466970.0,1438875025.0,0.0,568.0,0.0,22196923.550157283,6130994.51902354,3.0,1.0
LTE,216.0,30.0,65534.0,205057.0,0.0,19.061443,47.466596,50654.0,15.0,1.0,1429467013.0,1466497695.0,0.0,707.0,0.0,22170657.759351235,6115649.8862134805,3.0,1.0
LTE,216.0,30.0,65534.0,237826.0,0.0,19.122107,47.449167,56932.0,17.0,1.0,1429467679.0,1447595911.0,0.0,900.0,0.0,22177414.270115167,6117331.492715953,3.0,1.0
LTE,216.0,30.0,65534.0,95745.0,0.0,19.024864,47.421123,90691.0,20.0,1.0,1429468452.0,1437126564.0,0.0,794.0,0.0,22166583.738395907,6120036.598910085,3.0,1.0
LTE,216.0,30.0,65534.0,95746.0,0.0,19.023614,47.435463,92248.0,37.0,1.0,1429468752.0,1437683178.0,0.0,801.0,0.0,22166444.518455666,6118653.474937501,3.0,1.0
LTE,216.0,1.0,41234.0,353281.0,0.0,18.302521,47.622266,60388.0,3.0,1.0,1429469413.0,1431939705.0,0.0,501.0,0.0,22086132.098959822,6100616.144837026,3.0,1.0
LTE,216.0,30.0,480.0,357636.0,0.0,21.176873,47.573252,344097.0,11.0,1.0,1429513514.0,1476002345.0,0.0,759.0,0.0,22406265.789902207,6105352.402168604,3.0,1.0
LTE,216.0,30.0,290.0,401923.0,0.0,18.419723,47.320037,54035.0,2.0,1.0,1429311191.0,1429311191.0,0.0,961.0,0.0,22099185.58330893,6129780.444981953,3.0,1.0
LTE,216.0,30.0,26111.0,1167879.0,0.0,17.668778,47.149278,113765.0,78.0,1.0,1429624648.0,1487910478.0,0.0,523.0,0.0,22015548.368888177,6146215.942357242,3.0,1.0
LTE,216.0,30.0,290.0,337667.0,0.0,18.016128,47.131844,89216.0,70.0,1.0,1429751242.0,1433695283.0,0.0,878.0,0.0,22054234.80588296,6147892.252085965,3.0,1.0
LTE,216.0,30.0,12007.0,226817.0,0.0,19.046558,47.477761,94834.0,1305.0,1.0,1429762996.0,1616314514.0,0.0,720.0,0.0,22168999.928302817,6114572.48291716,3.0,1.0
LTE,216.0,30.0,12006.0,152579.0,0.0,19.136914,47.546957,112805.0,1355.0,1.0,1429781250.0,1649725242.0,0.0,584.0,0.0,22179063.41383931,6107892.260580799,3.0,1.0
LTE,216.0,30.0,12006.0,149250.0,0.0,19.233739,47.475336,142300.0,1124.0,1.0,1429787839.0,1646642457.0,0.0,863.0,0.0,22189847.39041055,6114806.502393244,3.0,1.0
LTE,216.0,30.0,12004.0,125698.0,0.0,19.022125,47.507256,133570.0,2000.0,1.0,1429790949.0,1645810383.0,0.0,706.0,0.0,22166278.67966285,6111725.6351381205,3.0,1.0
LTE,216.0,30.0,12007.0,133892.0,0.0,19.058219,47.488769,52617.0,48.0,1.0,1429794190.0,1559123996.0,0.0,778.0,0.0,22170298.68328136,6113510.10145607,3.0,1.0
LTE,216.0,30.0,12007.0,366850.0,0.0,19.034022,47.469455,115985.0,104.0,1.0,1429794190.0,1680050209.0,0.0,951.0,0.0,22167603.719366107,6115374.010119407,3.0,1.0
LTE,216.0,30.0,12006.0,168961.0,0.0,19.13104,47.510471,55929.0,220.0,1.0,1429795156.0,1506242626.0,0.0,981.0,0.0,22178409.19149612,6111415.269021969,3.0,1.0
LTE,216.0,30.0,12006.0,228354.0,0.0,19.185708,47.480098,89600.0,1453.0,1.0,1429801522.0,1648563596.0,0.0,711.0,0.0,22184497.89205069,6114346.949840087,3.0,1.0
LTE,216.0,30.0,12004.0,76035.0,0.0,19.046782,47.504822,50021.0,254.0,1.0,1429802352.0,1506169714.0,0.0,805.0,0.0,22169024.87651611,6111960.598698225,3.0,1.0
LTE,216.0,30.0,12006.0,135939.0,0.0,19.08612,47.519785,62683.0,1999.0,1.0,1429804402.0,1525583455.0,0.0,527.0,0.0,22173406.18372354,6110516.062915135,3.0,1.0
LTE,216.0,30.0,12006.0,135938.0,0.0,19.090985,47.51653,106356.0,1271.0,1.0,1429874711.0,1525583513.0,0.0,931.0,0.0,22173948.027730968,6110830.322379493,3.0,1.0
LTE,216.0,30.0,12006.0,169217.0,0.0,19.244619,47.468703,51065.0,525.0,1.0,1429898593.0,1647773538.0,0.0,810.0,0.0,22191059.160770427,6115446.574374313,3.0,1.0
LTE,216.0,30.0,12007.0,222209.0,0.0,19.077396,47.482091,106754.0,139.0,1.0,1430014752.0,1578726459.0,0.0,568.0,0.0,22172434.5399166,6114154.610074405,3.0,1.0
LTE,216.0,30.0,65534.0,138753.0,0.0,19.209624,47.609393,66921.0,7.0,1.0,1430377517.0,1433328906.0,0.0,867.0,0.0,22187161.55932337,6101860.317831952,3.0,1.0
LTE,216.0,1.0,5311.0,1218049.0,0.0,18.325949,47.125006,52376.0,1408.0,1.0,1430586127.0,1492253096.0,0.0,944.0,0.0,22088741.41476784,6148549.651669828,3.0,1.0
LTE,216.0,30.0,800.0,189699.0,0.0,19.222929,47.593911,166608.0,1011.0,1.0,1430727320.0,1572603779.0,0.0,500.0,0.0,22188643.41636733,6103356.418052054,3.0,1.0
LTE,208.0,1.0,1409.0,10313990.0,0.0,4.691436,44.368537,124272.0,43.0,1.0,1430759997.0,1492425659.0,0.0,540.0,0.0,20570184.54668352,6409742.694987085,1.0,1.0
LTE,216.0,1.0,30494.0,442886.0,0.0,20.855218,47.269753,135596.0,211.0,1.0,1431151816.0,1566216950.0,0.0,633.0,0.0,22370441.15799906,6134623.420967936,3.0,1.0
LTE,216.0,70.0,3153.0,405248.0,0.0,19.024356,47.497256,77935.0,39.0,1.0,1431526217.0,1472600613.0,0.0,532.0,0.0,22166527.1594122,6112690.9344933685,3.0,1.0
LTE,230.0,1.0,41250.0,29133068.0,0.0,14.358965,50.238042,63581.0,9.0,1.0,1431888598.0,1489338751.0,0.0,538.0,0.0,21646914.79442719,5844035.155765459,3.0,1.0
LTE,216.0,30.0,30242.0,297729.0,0.0,19.021108,47.238872,55851.0,543.0,1.0,1432355419.0,1620799245.0,0.0,808.0,0.0,22166165.410319462,6137596.338212102,3.0,1.0
LTE,216.0,1.0,26121.0,414472.0,0.0,17.551444,47.481519,115367.0,4.0,1.0,1433934322.0,1490099726.0,0.0,651.0,0.0,22002480.18291337,6114209.812883351,3.0,1.0
LTE,262.0,2.0,43451.0,8874754.0,0.0,12.094331,51.465573,51640.0,1877.0,1.0,1434388065.0,1499754201.0,0.0,581.0,0.0,21394689.02630498,5720905.683593202,3.0,1.0
LTE,262.0,1.0,4504.0,32875266.0,0.0,10.695004,53.909401,53057.0,1025.0,1.0,1434479836.0,1473788789.0,0.0,545.0,0.0,21238837.649248403,5470143.165495105,3.0,1.0
LTE,262.0,1.0,4510.0,25894402.0,0.0,9.161255,53.08296,79349.0,309.0,1.0,1434479856.0,1473437651.0,0.0,953.0,0.0,21068014.893945925,5555816.2146943,3.0,1.0
LTE,262.0,1.0,4604.0,26439682.0,0.0,10.109754,53.499589,62272.0,93.0,1.0,1434479942.0,1472393809.0,0.0,540.0,0.0,21173654.873226527,5512740.767006772,3.0,1.0
LTE,238.0,6.0,40103.0,100873.0,0.0,12.496779,55.765922,71667.0,611.0,1.0,1434704028.0,1483938284.0,0.0,765.0,0.0,21439512.055513784,5274242.72650891,3.0,1.0
LTE,238.0,6.0,40102.0,75017.0,0.0,12.399597,55.741725,65160.0,104.0,1.0,1434704237.0,1480943669.0,0.0,838.0,0.0,21428688.31772761,5276827.794595179,3.0,1.0
LTE,238.0,6.0,40103.0,98311.0,0.0,12.173895,55.712512,50659.0,4.0,1.0,1434192912.0,1434192912.0,0.0,959.0,0.0,21403550.54256539,5279947.596182797,3.0,1.0
LTE,238.0,6.0,40601.0,96521.0,0.0,12.284442,55.66497,56668.0,408.0,1.0,1434704399.0,1488723483.0,0.0,635.0,0.0,21415862.819952644,5285022.163961128,3.0,1.0
LTE,238.0,6.0,40601.0,163591.0,0.0,12.245416,55.663181,54213.0,221.0,1.0,1434704399.0,1488982539.0,0.0,648.0,0.0,21411516.2620423,5285213.054645407,3.0,1.0
LTE,238.0,6.0,40601.0,155911.0,0.0,12.272469,55.664652,55917.0,131.0,1.0,1434704399.0,1488459342.0,0.0,851.0,0.0,21414529.315677017,5285056.095683253,3.0,1.0
LTE,240.0,7.0,34202.0,80908806.0,0.0,17.009088,58.993582,67251.0,2.0,1.0,1435323415.0,1464249984.0,0.0,622.0,0.0,21942074.766984936,4921334.929557512,3.0,1.0
LTE,262.0,1.0,18000.0,33110529.0,0.0,13.717747,51.314189,54854.0,185.0,1.0,1435323757.0,1517152541.0,0.0,528.0,0.0,21575498.52911289,5736189.17559355,3.0,1.0
LTE,262.0,2.0,42401.0,5259265.0,0.0,10.070239,53.16785,51371.0,2000.0,1.0,1435593569.0,1631422784.0,0.0,593.0,0.0,21169253.85247556,5547058.08365532,3.0,1.0
LTE,216.0,30.0,1320.0,337409.0,0.0,20.509549,47.858755,63281.0,2202.0,1.0,1435647359.0,1492459400.0,0.0,844.0,0.0,22331941.94397991,6077728.236026801,3.0,1.0
LTE,262.0,1.0,16510.0,27749120.0,0.0,12.27135,51.190268,89754.0,57.0,1.0,1435785438.0,1520062493.0,0.0,563.0,0.0,21414404.68598651,5748679.116997568,3.0,1.0
LTE,262.0,1.0,16545.0,28986112.0,0.0,12.531119,51.200923,71615.0,21.0,1.0,1435785438.0,1561421284.0,0.0,837.0,1.0,21443336.705712143,5747605.94210749,3.0,1.0
LTE,262.0,1.0,16545.0,26804737.0,0.0,12.652998,51.240273,62999.0,41.0,1.0,1435785438.0,1491760142.0,0.0,566.0,0.0,21456911.095389668,5743641.396328631,3.0,1.0
LTE,262.0,1.0,16545.0,26804736.0,0.0,12.682572,51.278363,61120.0,10.0,1.0,1435785438.0,1491760142.0,0.0,965.0,0.0,21460204.92779987,5739801.99317127,3.0,1.0
LTE,262.0,1.0,16510.0,25865472.0,0.0,12.508588,51.188921,73268.0,52.0,1.0,1435785438.0,1619708723.0,0.0,532.0,0.0,21440827.29413325,5748814.777387679,3.0,1.0
LTE,262.0,2.0,65534.0,18515457.0,0.0,8.821252,48.822278,66104.0,78.0,1.0,1435903385.0,1435903385.0,0.0,875.0,0.0,21030146.73607191,5983852.921586415,3.0,1.0
LTE,262.0,2.0,65534.0,18653955.0,0.0,8.970945,48.790153,68560.0,402.0,1.0,1436256705.0,1436256705.0,0.0,973.0,0.0,21046818.93648377,5986999.222714912,3.0,1.0
LTE,262.0,2.0,65534.0,19009283.0,0.0,8.972259,48.702999,74970.0,496.0,1.0,1436279463.0,1456451055.0,0.0,913.0,0.0,21046965.28448496,5995529.270225696,3.0,1.0
LTE,262.0,2.0,65534.0,18710275.0,0.0,8.993412,48.705187,76529.0,1673.0,1.0,1436279463.0,1466056418.0,0.0,628.0,0.0,21049321.220001727,5995315.226294829,3.0,1.0
LTE,262.0,2.0,65534.0,18158339.0,0.0,9.040304,48.721484,74816.0,191.0,1.0,1436344407.0,1466059454.0,0.0,913.0,0.0,21054543.86115204,5993720.784758817,3.0,1.0
LTE,232.0,5.0,10233.0,28756748.0,0.0,16.091966,48.066798,228657.0,10.0,1.0,1436881521.0,1489667801.0,0.0,769.0,0.0,21839929.43095634,6057544.019600377,3.0,1.0
LTE,216.0,1.0,5211.0,1466370.0,0.0,21.378421,47.551418,173888.0,10.0,1.0,1436944518.0,1464835520.0,0.0,559.0,0.0,22428713.390315115,6107461.41985618,3.0,1.0
LTE,262.0,1.0,21003.0,28076288.0,0.0,10.333856,47.721281,103357.0,77.0,1.0,1437377749.0,1485252894.0,0.0,540.0,0.0,21198614.446865235,6091040.496023161,3.0,1.0
LTE,240.0,1.0,58.0,27429664.0,0.0,21.025702,65.189361,59314.0,1944.0,1.0,1437744401.0,1473140992.0,0.0,532.0,0.0,22389428.975833,4192232.132792057,3.0,1.0
LTE,240.0,7.0,35013.0,80818437.0,0.0,15.981319,59.361279,59851.0,1812.0,1.0,1438272689.0,1506003479.0,0.0,717.0,0.0,21827606.01597387,4880059.842944287,3.0,1.0
LTE,232.0,1.0,20262.0,588039.0,0.0,13.298101,48.287528,75093.0,267.0,1.0,1438958550.0,1491825731.0,0.0,646.0,0.0,21528760.056278244,6036077.944348678,3.0,1.0
LTE,262.0,2.0,42408.0,5462786.0,0.0,10.044911,53.509233,55129.0,2000.0,1.0,1439311158.0,1566567173.0,0.0,986.0,0.0,21166432.92235837,5511740.929906711,3.0,1.0
LTE,216.0,30.0,510.0,270853.0,0.0,18.815191,47.463832,107688.0,6.0,1.0,1439573407.0,1471397477.0,0.0,550.0,0.0,22143231.208371416,6115916.587213909,3.0,1.0
LTE,262.0,2.0,48070.0,21611010.0,0.0,11.44026,48.801382,150635.0,5734.0,1.0,1439753994.0,1490991876.0,0.0,512.0,0.0,21321841.24587712,5985899.592043001,3.0,1.0
LTE,222.0,10.0,33005.0,14937139.0,0.0,14.157112,42.510424,52479.0,20.0,1.0,1439754023.0,1494614132.0,0.0,642.0,0.0,21624433.22434885,6581772.06150811,1.0,1.0
LTE,222.0,10.0,33004.0,15195403.0,0.0,13.93976,42.789224,87140.0,80.0,1.0,1439754024.0,1661508430.0,0.0,745.0,0.0,21600225.438387465,6556155.7415401405,1.0,1.0
LTE,204.0,4.0,20400.0,26588674.0,0.0,4.035347,51.935817,159181.0,418.0,1.0,1439754028.0,1464570435.0,0.0,556.0,0.0,20497112.00958413,5673249.446792581,3.0,1.0
LTE,216.0,70.0,3104.0,431872.0,0.0,19.109667,47.509211,143609.0,315.0,1.0,1440149410.0,1495366453.0,0.0,744.0,0.0,22176028.753269862,6111536.906806558,3.0,1.0
LTE,262.0,2.0,42525.0,6110210.0,0.0,11.179376,52.245108,58316.0,1528.0,1.0,1443390151.0,1506009548.0,0.0,664.0,0.0,21292785.04196479,5641753.481433458,3.0,1.0
LTE,238.0,1.0,2300.0,8594256.0,0.0,12.287093,55.594503,119583.0,270.0,1.0,1443682009.0,1575402253.0,0.0,871.0,0.0,21416158.07760191,5292537.622404619,3.0,1.0
LTE,262.0,2.0,42428.0,5418755.0,0.0,9.01905,53.085895,52294.0,629.0,1.0,1443682033.0,1553327536.0,0.0,593.0,0.0,21052176.67666409,5555513.568387923,3.0,1.0
LTE,262.0,2.0,46076.0,15660545.0,0.0,8.603033,50.155211,61754.0,259.0,1.0,1444226264.0,1572629604.0,0.0,668.0,0.0,21005842.38715996,5852278.923333061,3.0,1.0
LTE,206.0,10.0,15300.0,17312513.0,0.0,4.719897,50.497601,52188.0,343.0,1.0,1445038865.0,1659593630.0,0.0,992.0,0.0,20573354.41765893,5818150.194572277,3.0,1.0
LTE,222.0,10.0,33006.0,15003917.0,0.0,14.366958,42.339578,59652.0,870.0,1.0,1447843147.0,1487699303.0,0.0,805.0,0.0,21647805.02241308,6597436.248472376,1.0,1.0
LTE,262.0,2.0,42451.0,5658113.0,0.0,10.025549,54.242442,71035.0,157.0,1.0,1447843240.0,1697315231.0,0.0,764.0,0.0,21164276.46117198,5435357.028388408,3.0,1.0
LTE,262.0,1.0,18000.0,31302658.0,0.0,13.795078,50.797197,333153.0,17.0,1.0,1448009991.0,1491128085.0,0.0,903.0,0.0,21584111.34287205,5788173.013727205,3.0,1.0
LTE,222.0,10.0,23028.0,12441613.0,0.0,10.771573,44.692792,72062.0,379.0,1.0,1448541402.0,1491779676.0,0.0,967.0,1.0,21247365.594531987,6379399.610829526,1.0,1.0
LTE,222.0,10.0,42063.0,20002571.0,0.0,15.241456,41.909746,59498.0,126.0,1.0,1448724607.0,1488015464.0,0.0,565.0,0.0,21745203.06985533,6636735.357320624,1.0,1.0
LTE,238.0,1.0,7500.0,6996756.0,0.0,10.113601,56.228314,75891.0,91.0,1.0,1449074109.0,1491741174.0,0.0,513.0,0.0,21174083.33651462,5224676.82905807,3.0,1.0
LTE,262.0,2.0,42519.0,5811715.0,0.0,10.210067,52.523472,55982.0,101.0,1.0,1449159023.0,1505490064.0,0.0,624.0,0.0,21184827.32911902,5613302.775354591,3.0,1.0
LTE,260.0,1.0,34001.0,8543493.0,0.0,14.700045,52.253002,73157.0,13.0,1.0,1449656419.0,1484353535.0,0.0,783.0,1.0,21684902.90420172,5640948.025464816,3.0,1.0
LTE,262.0,2.0,42438.0,5874434.0,0.0,8.028026,53.234191,55726.0,2000.0,1.0,1451901450.0,1522932863.0,0.0,956.0,0.0,20941800.435016416,5540207.027882,3.0,1.0
LTE,262.0,2.0,48047.0,21452801.0,0.0,11.180332,49.340492,64568.0,229.0,1.0,1453994688.0,1659773293.0,0.0,972.0,0.0,21292891.51737509,5932940.096457063,3.0,1.0
LTE,262.0,1.0,22507.0,32058881.0,0.0,9.433804,49.882105,62862.0,128.0,1.0,1456991464.0,1487557883.0,0.0,658.0,0.0,21098370.298340604,5879403.086046351,3.0,1.0
LTE,208.0,15.0,2501.0,103494207.0,0.0,5.496951,46.848474,60768.0,17.0,1.0,1458568512.0,1489936155.0,0.0,866.0,0.0,20659899.54681553,6175094.702798512,3.0,1.0
LTE,208.0,15.0,2704.0,102987325.0,0.0,1.609471,48.490594,83141.0,28.0,1.0,1458568517.0,1492452398.0,0.0,768.0,0.0,20226927.760178164,6016282.960177047,3.0,1.0
LTE,262.0,2.0,49704.0,2716675.0,0.0,12.071022,53.284866,55531.0,224.0,1.0,1458571065.0,1535530170.0,0.0,724.0,0.0,21392092.96423528,5534969.874516929,3.0,1.0
LTE,230.0,1.0,10118.0,26975038.0,0.0,15.013919,49.747256,54674.0,2.0,1.0,1458587433.0,1473486939.0,0.0,595.0,0.0,21719860.91982084,5892764.023079873,3.0,1.0
LTE,230.0,1.0,10118.0,31892779.0,0.0,15.015964,49.747247,54573.0,2.0,1.0,1458587434.0,1473495385.0,0.0,910.0,0.0,21720088.68364308,5892764.91410628,3.0,1.0
LTE,216.0,30.0,1400.0,506881.0,0.0,20.746136,46.917109,52372.0,24.0,1.0,1458592902.0,1490576849.0,0.0,577.0,0.0,22358292.04638177,6168513.598881077,3.0,1.0
LTE,216.0,30.0,31304.0,474114.0,0.0,19.876936,47.795732,72910.0,56.0,1.0,1458592935.0,1552742837.0,0.0,795.0,0.0,22261484.068734244,6083833.551488919,3.0,1.0
LTE,216.0,70.0,3405.0,1079042.0,0.0,20.098594,47.319969,67567.0,98.0,1.0,1458592960.0,1472470845.0,0.0,803.0,0.0,22286171.43954579,6129786.996013421,3.0,1.0
LTE,208.0,20.0,30481.0,130812674.0,0.0,4.992671,47.334738,262271.0,98.0,1.0,1458594083.0,1561030046.0,0.0,915.0,0.0,20603734.88164285,6128364.0562598985,3.0,1.0
LTE,208.0,20.0,30481.0,131362048.0,0.0,4.898684,47.398629,255995.0,21.0,1.0,1458594084.0,1490678432.0,0.0,680.0,0.0,20593266.99002394,6122205.758975942,3.0,1.0
LTE,208.0,20.0,30481.0,131129350.0,0.0,4.831449,47.42898,251788.0,28.0,1.0,1458594083.0,1487924365.0,0.0,620.0,0.0,20585778.627878137,6119278.801032297,3.0,1.0
LTE,208.0,20.0,30481.0,130807808.0,0.0,4.96825,47.339804,265254.0,52.0,1.0,1458594083.0,1528291974.0,0.0,514.0,0.0,20601014.969514307,6127875.912923362,3.0,1.0
LTE,214.0,7.0,35100.0,89881375.0,0.0,-14.230829,28.376557,119333.0,8.0,1.0,1458595738.0,1491919744.0,0.0,543.0,0.0,18462699.264630426,7806583.464248772,3.0,1.0
LTE,214.0,7.0,35100.0,89881385.0,0.0,-14.141407,28.436452,135799.0,13.0,1.0,1458595738.0,1505719874.0,0.0,899.0,0.0,18472658.72502757,7801644.115236777,3.0,1.0
LTE,240.0,7.0,11039.0,28910851.0,0.0,11.275489,58.859794,131788.0,2255.0,1.0,1458596950.0,1494607697.0,0.0,573.0,0.0,21303489.71885807,4936296.228924607,3.0,1.0
LTE,240.0,7.0,12000.0,28268290.0,0.0,13.021515,56.860156,113892.0,2.0,1.0,1458596961.0,1487254036.0,0.0,696.0,0.0,21497955.02716456,5156426.807609463,3.0,1.0
LTE,214.0,3.0,7520.0,78394380.0,0.0,-17.111432,28.234204,76668.0,3.0,1.0,1458600609.0,1488466056.0,0.0,1000.0,0.0,18141869.36261088,7818315.936363821,3.0,1.0
LTE,214.0,3.0,8210.0,90189068.0,0.0,-4.168827,43.435485,115980.0,12.0,1.0,1458600612.0,1481272109.0,0.0,999.0,0.0,19583364.31836415,6496514.334985962,1.0,1.0
LTE,222.0,88.0,32224.0,78336265.0,0.0,13.59448,42.563976,52611.0,7.0,1.0,1458611141.0,1488184773.0,0.0,615.0,0.0,21561769.54961372,6576856.906590367,1.0,1.0
LTE,208.0,20.0,30940.0,140891649.0,0.0,6.322858,48.584327,80073.0,17.0,1.0,1458613450.0,1486121826.0,0.0,539.0,0.0,20751885.725364696,6007130.602953551,3.0,1.0
LTE,214.0,7.0,8650.0,20582942.0,0.0,1.759245,41.235196,199994.0,17.0,1.0,1458618118.0,1469771906.0,0.0,772.0,0.0,20243608.982042152,6698095.35629932,1.0,1.0
LTE,214.0,7.0,26600.0,66568223.0,0.0,-1.975967,42.19861,108746.0,22.0,1.0,1458618147.0,1491824255.0,0.0,711.0,0.0,19827596.18889355,6610342.162511125,1.0,1.0
LTE,231.0,2.0,26.0,319570.0,0.0,20.083925,49.042554,52684.0,14.0,1.0,1458621095.0,1490873265.0,0.0,784.0,0.0,22284537.665703047,5962248.306385624,3.0,1.0
LTE,232.0,1.0,5501.0,613128.0,0.0,13.474573,48.315822,55167.0,3.0,1.0,1458621124.0,1489285594.0,0.0,710.0,0.0,21548414.793313924,6033322.5244011,3.0,1.0
LTE,262.0,2.0,48020.0,21021697.0,0.0,13.023577,47.761038,65489.0,5.0,1.0,1458621574.0,1462433261.0,0.0,768.0,0.0,21498184.68437798,6087192.705306853,3.0,1.0
LTE,222.0,10.0,33004.0,14966284.0,0.0,14.201266,42.543812,52483.0,6.0,1.0,1458638923.0,1473841094.0,0.0,940.0,0.0,21629350.91814205,6578707.907202811,1.0,1.0
LTE,240.0,7.0,35020.0,80911882.0,0.0,15.571149,59.795935,66048.0,2.0,1.0,1458647976.0,1489931500.0,0.0,797.0,0.0,21781922.94166222,4830969.132760755,3.0,1.0
LTE,262.0,1.0,13880.0,28130304.0,0.0,8.029543,50.872049,266271.0,790.0,1.0,1458809500.0,1530587277.0,0.0,824.0,0.0,20941969.39233589,5780666.638237589,3.0,1.0
LTE,262.0,1.0,3010.0,28523265.0,0.0,9.744519,52.286845,80330.0,54.0,1.0,1458812450.0,1491146207.0,0.0,948.0,0.0,21132976.47732674,5637493.9905773895,3.0,1.0
LTE,262.0,1.0,3040.0,33520641.0,0.0,10.533801,52.420122,67294.0,6.0,1.0,1458812460.0,1487774028.0,0.0,943.0,0.0,21220883.51162678,5623877.441531099,3.0,1.0
LTE,202.0,1.0,4127.0,812553.0,0.0,23.543218,40.327109,98997.0,6.0,1.0,1458817309.0,1473679296.0,0.0,644.0,0.0,22669819.71749808,6780110.060061493,1.0,1.0
LTE,240.0,1.0,8.0,26862613.0,0.0,18.054475,59.32678,108894.0,208.0,1.0,1458819338.0,1536898670.0,0.0,668.0,0.0,22058505.739521768,4883942.256413331,3.0,1.0
LTE,240.0,1.0,8.0,27447307.0,0.0,18.000387,59.358838,171968.0,90.0,1.0,1458819338.0,1690963616.0,0.0,697.0,0.0,22052481.637019467,4880334.612776539,3.0,1.0
LTE,240.0,1.0,8.0,27085835.0,0.0,17.974072,59.332965,52908.0,103.0,1.0,1458819338.0,1693209574.0,0.0,696.0,0.0,22049550.778837465,4883246.365151209,3.0,1.0
LTE,240.0,1.0,8.0,27447327.0,0.0,17.848664,59.323233,118331.0,117.0,1.0,1458819338.0,1491575034.0,0.0,729.0,0.0,22035583.343424648,4884341.309532069,3.0,1.0
LTE,222.0,99.0,60001.0,16843522.0,0.0,14.094387,40.950595,54213.0,11.0,1.0,1458822815.0,1488542368.0,0.0,660.0,0.0,21617447.167747453,6723871.137173174,1.0,1.0
LTE,240.0,1.0,94.0,25691659.0,0.0,13.128287,55.975667,90170.0,4.0,1.0,1481475930.0,1489553349.0,0.0,586.0,0.0,21509846.86033228,5251798.573819333,3.0,1.0
LTE,262.0,1.0,4510.0,31209728.0,0.0,8.545176,53.11121,50420.0,23.0,1.0,1458838226.0,1488466841.0,0.0,627.0,0.0,20999398.50869384,5552902.708160538,3.0,1.0
LTE,262.0,1.0,21003.0,28083456.0,0.0,10.471523,47.77369,92326.0,16.0,1.0,1458840368.0,1485431264.0,0.0,906.0,0.0,21213947.240076005,6085967.857674485,3.0,1.0
LTE,208.0,20.0,30042.0,138273793.0,0.0,-1.359388,47.285484,57300.0,19.0,1.0,1458842573.0,1466784782.0,0.0,953.0,0.0,19896268.26212173,6133108.613408376,3.0,1.0
LTE,202.0,10.0,61100.0,2629900.0,0.0,20.901409,37.855188,61900.0,11.0,1.0,1458843810.0,1476028923.0,0.0,933.0,0.0,22375585.72460688,7000118.651034579,3.0,1.0
LTE,202.0,10.0,61100.0,2632715.0,0.0,21.154559,37.999266,54044.0,6.0,1.0,1458843810.0,1473943015.0,0.0,595.0,0.0,22403780.546904936,6987420.026618784,3.0,1.0
LTE,202.0,10.0,61100.0,2632719.0,0.0,20.952571,37.838103,77010.0,14.0,1.0,1458843810.0,1475282703.0,0.0,885.0,0.0,22381283.941073056,7001623.48374345,3.0,1.0
LTE,262.0,2.0,42458.0,5490434.0,0.0,9.843476,54.368097,54372.0,91.0,1.0,1458846023.0,1492233554.0,0.0,608.0,0.0,21143997.90742806,5422192.65092242,3.0,1.0
LTE,262.0,2.0,42458.0,5344515.0,0.0,9.085979,54.474015,50041.0,507.0,1.0,1458846023.0,1567456369.0,0.0,790.0,0.0,21059630.95776853,5411079.010454259,3.0,1.0
LTE,262.0,2.0,43454.0,8321027.0,0.0,10.701662,51.7441,505942.0,24.0,1.0,1458846096.0,1492353348.0,0.0,517.0,0.0,21239579.190338112,5692712.025618545,3.0,1.0
LTE,240.0,8.0,12019.0,28768265.0,0.0,15.562747,57.7781,61088.0,2.0,1.0,1458849302.0,1490786637.0,0.0,700.0,0.0,21780987.16091188,5056172.099632061,3.0,1.0
LTE,244.0,5.0,22070.0,1470977.0,0.0,22.568219,60.581597,366666.0,20.0,1.0,1458857969.0,1480852834.0,0.0,956.0,0.0,22561228.27548432,4741393.357131725,3.0,1.0
LTE,244.0,5.0,22040.0,429059.0,0.0,22.341157,60.472846,145942.0,70.0,1.0,1458857967.0,1491745755.0,0.0,739.0,0.0,22535939.02902712,4753858.092265432,3.0,1.0
LTE,244.0,12.0,1102.0,1423892.0,0.0,25.844354,60.984213,102793.0,3.0,1.0,1458858016.0,1486884058.0,0.0,963.0,0.0,22926110.93062729,4695059.691314178,3.0,1.0
LTE,244.0,12.0,1002.0,1422858.0,0.0,25.762258,60.945933,94490.0,5.0,1.0,1458858016.0,1486884058.0,0.0,601.0,0.0,22916967.410455927,4699477.76437634,3.0,1.0
LTE,244.0,12.0,1301.0,716564.0,0.0,26.983722,61.598676,56169.0,13.0,1.0,1458858016.0,1644878846.0,0.0,820.0,0.0,23053009.126527324,4623769.393216217,3.0,1.0
LTE,208.0,20.0,31241.0,131395079.0,0.0,3.645226,47.775608,52446.0,133.0,1.0,1458864446.0,1576602630.0,0.0,645.0,0.0,20453661.91173803,6085782.160083808,3.0,1.0
LTE,208.0,20.0,31574.0,135855874.0,0.0,-0.417052,43.795818,99466.0,73.0,1.0,1458864460.0,1491136249.0,0.0,900.0,0.0,20001221.831408955,6463098.32525273,1.0,1.0
LTE,208.0,20.0,31600.0,130675713.0,0.0,5.518674,47.179586,63094.0,4.0,1.0,1458864462.0,1475256153.0,0.0,869.0,0.0,20662318.966625053,6143301.023481915,3.0,1.0
LTE,208.0,20.0,31659.0,133472001.0,0.0,2.903857,42.706316,156672.0,163.0,1.0,1458864467.0,1490871265.0,0.0,894.0,0.0,20371091.23343549,6563780.444797208,3.0,1.0
LTE,262.0,1.0,25502.0,32192000.0,0.0,8.565256,49.643004,61211.0,5.0,1.0,1458867214.0,1624159559.0,0.0,563.0,0.0,21001634.937813908,5903079.027949095,3.0,1.0
LTE,260.0,1.0,31092.0,8427780.0,0.0,18.287305,50.974928,155037.0,2.0,1.0,1458871325.0,1491786281.0,0.0,566.0,0.0,22084437.40247123,5770338.61492113,3.0,1.0
LTE,260.0,1.0,31942.0,7718148.0,0.0,17.697223,51.814271,252698.0,4.0,1.0,1458871328.0,1492178093.0,0.0,957.0,0.0,22018716.45784835,5685593.800846535,3.0,1.0
LTE,260.0,1.0,31942.0,8662275.0,0.0,17.282454,52.155882,302309.0,9.0,1.0,1458871330.0,1490495234.0,0.0,961.0,0.0,21972521.16553256,5650852.050263007,3.0,1.0
LTE,208.0,1.0,2115.0,10438149.0,0.0,4.883651,45.490361,70308.0,32.0,1.0,1458873852.0,1492216193.0,0.0,517.0,0.0,20591592.6753346,6304340.620646793,1.0,1.0
LTE,240.0,1.0,70.0,25816085.0,0.0,13.491891,55.660243,490714.0,31.0,1.0,1458877297.0,1472565228.0,0.0,724.0,0.0,21550343.60205403,5285526.536268524,3.0,1.0
LTE,240.0,1.0,70.0,26229014.0,0.0,13.77472,55.943723,454618.0,10.0,1.0,1458877298.0,1472565228.0,0.0,781.0,0.0,21581843.951237272,5255221.003345922,3.0,1.0
LTE,222.0,1.0,207.0,51379970.0,0.0,10.274576,43.546813,80305.0,16.0,1.0,1458882884.0,1491291423.0,0.0,995.0,0.0,21192012.08041914,6486202.674927531,1.0,1.0
LTE,222.0,1.0,1002.0,51222273.0,0.0,8.926409,44.901123,54592.0,2.0,1.0,1458882901.0,1477995772.0,0.0,819.0,0.0,21041858.697076835,6359852.248600484,1.0,1.0
LTE,222.0,1.0,1015.0,51345153.0,0.0,8.267486,44.022174,65527.0,10.0,1.0,1458882909.0,1521382595.0,0.0,794.0,0.0,20968470.52052893,6442046.584495276,1.0,1.0
LTE,208.0,15.0,6915.0,103380306.0,0.0,4.99971,45.638191,67690.0,94.0,1.0,1458886679.0,1492254785.0,0.0,605.0,0.0,20604518.856970347,6290361.00418184,1.0,1.0
LTE,208.0,10.0,48512.0,1507078.0,0.0,5.186509,47.214605,70372.0,9.0,1.0,1459779026.0,1488242273.0,0.0,630.0,0.0,20625323.773464344,6139931.8275518175,3.0,1.0
LTE,268.0,6.0,48040.0,694795.0,0.0,-8.765396,40.9037,73368.0,3.0,1.0,1458900768.0,1490434150.0,0.0,733.0,0.0,19071417.069161084,6728111.99302507,1.0,1.0
LTE,262.0,2.0,46753.0,16302593.0,0.0,7.032686,49.223411,165289.0,51.0,1.0,1458900966.0,1544104600.0,0.0,650.0,0.0,20830943.494759068,5944469.303729506,3.0,1.0
LTE,206.0,1.0,3109.0,46261250.0,0.0,5.512818,50.931114,59012.0,14.0,1.0,1458905968.0,1483793173.0,0.0,953.0,0.0,20661666.749049004,5774738.664942512,3.0,1.0
LTE,262.0,1.0,21020.0,30168833.0,0.0,10.380779,49.091857,85181.0,2.0,1.0,1458910990.0,1474011670.0,0.0,798.0,0.0,21203840.54067006,5957405.256608885,3.0,1.0
LTE,262.0,7.0,20392.0,8065537.0,0.0,10.95037,50.761239,115588.0,16.0,1.0,1458911387.0,1490828834.0,0.0,818.0,0.0,21267279.28065652,5791776.591852799,3.0,1.0
LTE,262.0,7.0,21207.0,30905346.0,0.0,13.751377,53.937668,92003.0,6.0,1.0,1458911389.0,1489067175.0,0.0,634.0,0.0,21579244.1023852,5467196.577590206,3.0,1.0
LTE,262.0,7.0,40208.0,17968130.0,0.0,8.642874,50.115517,393113.0,516.0,1.0,1458911433.0,1494172514.0,0.0,719.0,0.0,21010279.716471348,5856226.626292901,3.0,1.0
LTE,262.0,7.0,41117.0,43929858.0,0.0,6.664615,49.741791,60482.0,34.0,1.0,1458911447.0,1492429941.0,0.0,634.0,0.0,20789949.236658856,5893305.056947051,3.0,1.0
LTE,214.0,1.0,280.0,116431880.0,0.0,-4.055419,40.306093,70575.0,7.0,1.0,1458912491.0,1492356198.0,0.0,945.0,0.0,19595995.242350634,6782000.307279011,1.0,1.0
LTE,262.0,7.0,20337.0,7758081.0,0.0,13.742462,51.042126,362130.0,307.0,1.0,1458912690.0,1492256212.0,0.0,916.0,0.0,21578251.18577138,5763585.697285163,3.0,1.0
LTE,262.0,7.0,20375.0,7872257.0,0.0,11.592133,50.922381,70203.0,242.0,1.0,1458912695.0,1494494597.0,0.0,809.0,0.0,21338756.245864768,5775615.405033007,3.0,1.0
LTE,262.0,7.0,20371.0,7942658.0,0.0,12.097282,50.880205,116197.0,97.0,1.0,1458912695.0,1492173320.0,0.0,516.0,0.0,21395017.696739905,5779848.323447671,3.0,1.0
LTE,230.0,2.0,1615.0,18047744.0,0.0,17.13749,49.928219,77790.0,2.0,1.0,1458913399.0,1481394342.0,0.0,900.0,0.0,21956375.661998626,5874829.251923144,3.0,1.0
LTE,222.0,10.0,12036.0,7455008.0,0.0,9.28072,45.464331,301698.0,66.0,1.0,1458927061.0,1491827776.0,0.0,739.0,0.0,21081320.422074847,6306799.956368858,1.0,1.0
LTE,222.0,10.0,12083.0,7625739.0,0.0,10.676941,45.518898,300249.0,22.0,1.0,1458927105.0,1483135899.0,0.0,947.0,0.0,21236825.86542391,6301643.664342987,1.0,1.0
LTE,272.0,1.0,39000.0,38881548.0,0.0,-6.198778,53.34763,107538.0,23.0,1.0,1458932319.0,1632396793.0,0.0,519.0,0.0,19357276.59283082,5528478.618061569,3.0,1.0
LTE,244.0,91.0,37121.0,8027405.0,0.0,25.45145,65.714726,78276.0,2.0,1.0,1458932898.0,1492067277.0,0.0,785.0,0.0,22882350.87350624,4126792.8805119134,3.0,1.0
LTE,208.0,10.0,49903.0,2003463.0,0.0,1.373152,43.563309,72863.0,39.0,1.0,1458934495.0,1478942300.0,0.0,767.0,0.0,20200607.50653149,6484673.798840992,3.0,1.0
LTE,226.0,1.0,23220.0,233106191.0,0.0,26.669678,45.582078,210309.0,10.0,1.0,1458937456.0,1490290801.0,0.0,506.0,0.0,23018032.17699633,6295669.867842407,3.0,1.0
LTE,238.0,1.0,7200.0,14126356.0,0.0,10.623165,55.454374,57763.0,138.0,1.0,1458938777.0,1491210148.0,0.0,619.0,0.0,21230836.51221869,5307461.1412995,3.0,1.0
LTE,232.0,1.0,20262.0,710151.0,0.0,14.354356,47.932078,64524.0,2.0,1.0,1458943299.0,1484815107.0,0.0,844.0,0.0,21646401.462663524,6070619.774386566,3.0,1.0
LTE,268.0,1.0,24.0,1464833.0,0.0,-8.861813,37.492126,107552.0,5.0,1.0,1458944446.0,1473967104.0,0.0,569.0,0.0,19060678.53397834,7032051.972210437,1.0,1.0
LTE,214.0,7.0,48600.0,122902027.0,0.0,-2.635269,42.816822,515166.0,10.0,1.0,1458944885.0,1492084802.0,0.0,877.0,0.0,19754165.80085976,6553616.336666803,1.0,1.0
LTE,214.0,8.0,48100.0,230451456.0,0.0,-2.896029,43.220932,564845.0,107.0,1.0,1458944889.0,1494146920.0,0.0,518.0,0.0,19725123.4075655,6516355.818198821,1.0,1.0
LTE,216.0,1.0,31303.0,582658.0,0.0,19.755839,47.663581,52752.0,2192.0,1.0,1458944926.0,1492166221.0,0.0,957.0,0.0,22247996.77505134,6096621.873068975,3.0,1.0
LTE,216.0,30.0,470.0,362755.0,0.0,20.064231,46.791875,57281.0,72.0,1.0,1458944937.0,1492078385.0,0.0,934.0,0.0,22282344.227700528,6180518.091083087,3.0,1.0
LTE,222.0,1.0,24237.0,128124680.0,0.0,9.99424,45.498822,352196.0,71.0,1.0,1458955638.0,1483548807.0,0.0,620.0,0.0,21160789.39148472,6303541.076573947,1.0,1.0
LTE,208.0,1.0,26819.0,18513666.0,0.0,-1.12282,43.729583,58125.0,22.0,1.0,1458961763.0,1492443909.0,0.0,783.0,0.0,19922616.248380493,6469249.533911282,1.0,1.0
LTE,208.0,1.0,26848.0,19540229.0,0.0,-1.469573,43.376714,75613.0,13.0,1.0,1458961763.0,1476032326.0,0.0,995.0,0.0,19883996.30282917,6501953.463300303,1.0,1.0
LTE,208.0,1.0,39426.0,22985477.0,0.0,4.464418,48.751031,247458.0,56.0,1.0,1458961835.0,1479793296.0,0.0,799.0,0.0,20544900.20076821,5990829.260719436,3.0,1.0
LTE,208.0,15.0,1800.0,103782206.0,0.0,2.870969,45.796813,83331.0,15.0,1.0,1458568503.0,1487344669.0,0.0,690.0,0.0,20367428.301119715,6275337.059427303,3.0,1.0
LTE,208.0,1.0,25568.0,18417922.0,0.0,-0.308088,43.565532,54578.0,13.0,1.0,1459272182.0,1478024223.0,0.0,670.0,0.0,20013357.800663885,6484467.748841995,1.0,1.0
LTE,240.0,7.0,11020.0,28655362.0,0.0,12.771441,57.556145,80345.0,5.0,1.0,1459314348.0,1485695106.0,0.0,848.0,0.0,21470102.79729545,5080535.031747081,3.0,1.0
LTE,240.0,7.0,11021.0,28622596.0,0.0,12.767246,57.435388,66922.0,3.0,1.0,1459314348.0,1491542319.0,0.0,502.0,0.0,21469635.575176,5093757.060360999,3.0,1.0
LTE,214.0,3.0,2250.0,110344313.0,0.0,1.579803,41.228207,240064.0,44.0,1.0,1459319185.0,1505835457.0,0.0,565.0,0.0,20223623.458428454,6698729.131251684,1.0,1.0
LTE,222.0,10.0,27021.0,12056077.0,0.0,10.726176,45.052047,53542.0,15.0,1.0,1459345681.0,1482368572.0,0.0,779.0,0.0,21242309.46043021,6345665.555460518,1.0,1.0
LTE,240.0,1.0,313.0,25766155.0,0.0,15.829357,58.893166,276162.0,6.0,1.0,1459358597.0,1469619950.0,0.0,866.0,0.0,21810681.10352648,4932567.1093274895,3.0,1.0
LTE,240.0,1.0,313.0,25766154.0,0.0,16.283691,59.848039,166913.0,2.0,1.0,1459358597.0,1467945605.0,0.0,849.0,0.0,21861282.98539085,4825062.393346596,3.0,1.0
LTE,214.0,3.0,7500.0,76813323.0,0.0,-15.58606,28.154696,81119.0,15.0,1.0,1459374937.0,1491665118.0,0.0,983.0,0.0,18311759.12156182,7824864.61478148,3.0,1.0
LTE,240.0,7.0,12031.0,28817418.0,0.0,15.864461,57.577006,50630.0,4.0,1.0,1458596977.0,1480766868.0,0.0,609.0,0.0,21814590.844952315,5078248.560389011,3.0,1.0
LTE,214.0,1.0,1541.0,123321858.0,0.0,-2.814559,43.063024,544593.0,24.0,1.0,1458838605.0,1491956128.0,0.0,762.0,0.0,19734197.206390794,6530932.706821464,1.0,1.0
LTE,240.0,1.0,82.0,26556960.0,0.0,12.89018,56.681541,126952.0,9.0,1.0,1458877309.0,1472394560.0,0.0,651.0,0.0,21483327.466483083,5175782.031207311,3.0,1.0
LTE,240.0,7.0,10002.0,28272902.0,0.0,13.031508,55.600837,162111.0,149.0,1.0,1459595171.0,1555361322.0,0.0,808.0,0.0,21499068.00705484,5291862.384707489,3.0,1.0
LTE,222.0,1.0,17002.0,179603263.0,0.0,11.540339,45.129287,50431.0,5.0,1.0,1459811042.0,1486097900.0,0.0,842.0,0.0,21332987.6397968,6338396.665129304,1.0,1.0
LTE,222.0,88.0,10400.0,28736007.0,0.0,10.034662,45.554055,51714.0,8.0,1.0,1459815487.0,1488556484.0,0.0,760.0,0.0,21165291.43022433,6298319.979240432,1.0,1.0
LTE,214.0,1.0,2821.0,119608833.0,0.0,-0.60548,39.565959,305250.0,26.0,1.0,1458838623.0,1490986728.0,0.0,989.0,0.0,19980235.483488835,6848349.342568228,1.0,1.0
LTE,240.0,1.0,591.0,26021653.0,0.0,12.231011,57.290304,184898.0,10.0,1.0,1458877339.0,1473775414.0,0.0,785.0,0.0,21409911.89145093,5109612.283605042,3.0,1.0
LTE,214.0,1.0,547.0,44216327.0,0.0,2.757677,41.833644,621417.0,45.0,1.0,1460146024.0,1492432895.0,0.0,945.0,0.0,20354810.296743687,6643676.959575823,1.0,1.0
LTE,214.0,3.0,6203.0,152469514.0,0.0,3.074572,39.776189,64168.0,7.0,1.0,1460181919.0,1489156638.0,0.0,515.0,0.0,20390104.779114388,6829546.740185501,1.0,1.0
LTE,208.0,10.0,49402.0,1084679.0,0.0,-0.301792,48.418002,200318.0,9.0,1.0,1460203532.0,1491032937.0,0.0,634.0,0.0,20014059.0236589,6023364.435856698,3.0,1.0
LTE,226.0,10.0,10104.0,6026763.0,0.0,26.148004,44.642946,62186.0,25.0,1.0,1460221583.0,1667649118.0,0.0,519.0,0.0,22959930.23851118,6384070.504858693,3.0,1.0
LTE,244.0,12.0,1002.0,1422110.0,0.0,26.005726,61.229549,64476.0,9.0,1.0,1460229526.0,1668588713.0,0.0,578.0,0.0,22944083.89078484,4666680.0920511065,3.0,1.0
LTE,208.0,10.0,30980.0,133879305.0,0.0,4.259374,44.396158,78350.0,75.0,1.0,1460289917.0,1632571034.0,0.0,727.0,0.0,20522063.230026424,6407161.810156679,1.0,1.0
LTE,214.0,7.0,9600.0,23053076.0,0.0,-3.635236,42.368307,67430.0,70.0,1.0,1460304356.0,1491929877.0,0.0,924.0,1.0,19642793.524071608,6594803.958749216,1.0,1.0
LTE,202.0,10.0,51500.0,2726412.0,0.0,23.271314,40.040233,69744.0,30.0,1.0,1460307942.0,1473016875.0,0.0,836.0,0.0,22639536.15059257,6805882.507782685,1.0,1.0
LTE,202.0,5.0,4021.0,174851.0,0.0,23.339006,38.258977,52248.0,23.0,1.0,1458817329.0,1492351298.0,0.0,822.0,0.0,22647075.41154852,6964491.900990511,1.0,1.0
LTE,240.0,8.0,10020.0,28179717.0,0.0,13.187622,55.718128,107651.0,115.0,1.0,1458648180.0,1492316117.0,0.0,644.0,0.0,21516455.35245574,5279347.932965495,3.0,1.0
LTE,222.0,88.0,32224.0,78357512.0,0.0,14.044636,42.48573,52154.0,62.0,1.0,1460585814.0,1492269005.0,0.0,711.0,0.0,21611906.10274982,6584037.711611648,1.0,1.0
LTE,214.0,3.0,13160.0,234440469.0,0.0,-9.132122,42.798858,63971.0,7.0,1.0,1461013447.0,1474370194.0,0.0,612.0,0.0,19030572.611716576,6555269.353460645,1.0,1.0
LTE,240.0,1.0,8.0,27085834.0,0.0,18.039535,59.327318,112700.0,108.0,1.0,1458819338.0,1693212182.0,0.0,875.0,0.0,22056841.78279598,4883881.727163123,3.0,1.0
LTE,214.0,3.0,7100.0,76813835.0,0.0,-15.610619,28.158108,79815.0,17.0,1.0,1461078074.0,1492420435.0,0.0,587.0,0.0,18309023.83955188,7824583.647292319,3.0,1.0
LTE,222.0,1.0,5053.0,77064454.0,0.0,14.471413,42.392168,108436.0,4.0,1.0,1461121923.0,1477319479.0,0.0,595.0,0.0,21659438.797499567,6592617.159387791,1.0,1.0
LTE,202.0,5.0,4012.0,194051.0,0.0,25.386448,36.334534,139753.0,35.0,1.0,1461149027.0,1505649887.0,0.0,619.0,0.0,22875111.213861685,7133252.215753594,1.0,1.0
LTE,214.0,3.0,10212.0,116335380.0,0.0,-2.917614,42.760092,50414.0,16.0,1.0,1461169347.0,1505664880.0,0.0,719.0,0.0,19722719.357637383,6558835.573801807,1.0,1.0
LTE,208.0,15.0,6406.0,102689342.0,0.0,-1.011029,43.224401,67253.0,6.0,1.0,1461279489.0,1492217101.0,0.0,601.0,0.0,19935067.07745228,6516035.337642676,1.0,1.0
LTE,240.0,1.0,512.0,26113045.0,0.0,16.220569,59.046635,63673.0,15.0,1.0,1461291549.0,1473154167.0,0.0,754.0,0.0,21854252.71253642,4915393.742555133,3.0,1.0
LTE,208.0,10.0,49904.0,1201926.0,0.0,-0.697802,45.012114,73553.0,13.0,1.0,1461357331.0,1492258284.0,0.0,715.0,0.0,19969953.032830328,6349421.3271078,3.0,1.0
LTE,244.0,5.0,22070.0,1472004.0,0.0,22.288985,60.445055,148274.0,74.0,1.0,1461492494.0,1512911657.0,0.0,924.0,0.0,22530128.322849218,4757040.000393131,3.0,1.0
LTE,262.0,2.0,46753.0,16302605.0,0.0,7.016097,49.229273,166641.0,87.0,1.0,1461496102.0,1596300796.0,0.0,793.0,0.0,20829095.87908811,5943892.428748243,3.0,1.0
LTE,222.0,10.0,33004.0,14451212.0,0.0,13.936363,42.77309,85968.0,501.0,1.0,1461569807.0,1489595159.0,0.0,790.0,0.0,21599847.09427786,6557639.988484244,1.0,1.0
LTE,208.0,1.0,26915.0,19159298.0,0.0,-0.932856,43.223578,55139.0,6.0,1.0,1461693357.0,1492184350.0,0.0,923.0,0.0,19943773.669763185,6516111.370751969,1.0,1.0
LTE,260.0,1.0,42016.0,11490050.0,0.0,17.272982,52.935618,160048.0,4.0,1.0,1461870364.0,1486716352.0,0.0,857.0,0.0,21971466.21251337,5570995.014779839,3.0,1.0
LTE,214.0,7.0,9600.0,23053086.0,0.0,-3.49418,42.43543,53366.0,38.0,1.0,1461949570.0,1491929872.0,0.0,839.0,0.0,19658503.770384364,6588651.058607843,1.0,1.0
LTE,262.0,2.0,48055.0,20566531.0,0.0,9.62336,47.609854,61592.0,69.0,1.0,1461960465.0,1492233408.0,0.0,586.0,0.0,21119482.2783348,6101815.765296115,3.0,1.0
LTE,208.0,10.0,48512.0,1501446.0,0.0,5.166167,47.212504,55513.0,12.0,1.0,1462032328.0,1486381027.0,0.0,585.0,0.0,20623058.1638448,6140134.001823659,3.0,1.0
LTE,268.0,1.0,12.0,1364737.0,0.0,-7.296778,40.257004,54795.0,3.0,1.0,1462079245.0,1480909626.0,0.0,824.0,0.0,19234985.79732117,6786414.1686504325,1.0,1.0
LTE,260.0,2.0,52898.0,32836098.0,0.0,19.906725,50.000002,53800.0,9.0,1.0,1462356421.0,1487271868.0,0.0,615.0,0.0,22264801.846974168,5867704.518289525,3.0,1.0
LTE,238.0,20.0,14121.0,44808202.0,0.0,10.042569,55.369299,54556.0,111.0,1.0,1462483355.0,1646750724.0,0.0,565.0,0.0,21166172.07987833,5316507.56631143,3.0,1.0
LTE,240.0,7.0,35008.0,80981764.0,0.0,16.519352,58.69244,55826.0,26.0,1.0,1458647941.0,1638602734.0,0.0,667.0,0.0,21887529.95366097,4954968.900473309,3.0,1.0
LTE,208.0,10.0,48821.0,2747399.0,0.0,0.037178,48.560941,71611.0,5.0,1.0,1462926599.0,1472270481.0,0.0,813.0,0.0,20051812.130174298,6009414.981550239,3.0,1.0
LTE,240.0,1.0,133.0,26117386.0,0.0,12.933626,56.431809,57048.0,17.0,1.0,1458877329.0,1490970635.0,0.0,938.0,0.0,21488166.306102127,5202761.970153306,3.0,1.0
LTE,214.0,7.0,19600.0,48641567.0,0.0,-3.695368,40.72897,50217.0,3.0,1.0,1463231116.0,1466332880.0,0.0,726.0,0.0,19636096.265314244,6743897.672670642,1.0,1.0
LTE,244.0,91.0,4070.0,36041227.0,0.0,27.665464,60.948098,179772.0,22.0,1.0,1463256394.0,1487255841.0,0.0,641.0,0.0,23128938.79092836,4699227.963520535,3.0,1.0
LTE,214.0,3.0,9171.0,249254265.0,0.0,-5.28747,39.910049,65840.0,4.0,1.0,1463465131.0,1489925667.0,0.0,943.0,0.0,19458774.38907336,6817556.692142179,1.0,1.0
LTE,214.0,3.0,9171.0,248793210.0,0.0,-5.302516,39.916205,64479.0,15.0,1.0,1463465131.0,1488911333.0,0.0,879.0,0.0,19457098.626496635,6817004.954177098,1.0,1.0
LTE,222.0,88.0,24217.0,61500168.0,0.0,12.295376,45.221794,109121.0,4.0,1.0,1463479740.0,1491728754.0,0.0,955.0,0.0,21417080.604613937,6329683.501777116,1.0,1.0
LTE,244.0,5.0,29115.0,811270.0,0.0,24.441065,60.394081,52395.0,90.0,1.0,1463578389.0,1688818484.0,0.0,716.0,0.0,22769818.28204812,4762872.620335064,3.0,1.0
LTE,214.0,7.0,16600.0,43014154.0,0.0,-3.543615,40.449001,55767.0,19.0,1.0,1463637926.0,1492010069.0,0.0,515.0,0.0,19652997.900187623,6769139.783796314,1.0,1.0
LTE,240.0,8.0,10020.0,28179714.0,0.0,13.17114,55.750824,104779.0,47.0,1.0,1458648180.0,1491996512.0,0.0,991.0,0.0,21514619.65401167,5275855.810899955,3.0,1.0
LTE,240.0,1.0,82.0,26268950.0,0.0,12.760069,56.534999,81864.0,6.0,1.0,1461510675.0,1471221138.0,0.0,564.0,0.0,21468836.22996709,5191625.279537495,3.0,1.0
LTE,202.0,1.0,4127.0,784648.0,0.0,23.263762,40.063692,73720.0,5.0,1.0,1464434980.0,1473151110.0,0.0,620.0,0.0,22638695.03940159,6803777.423258373,1.0,1.0
LTE,208.0,10.0,59500.0,153938438.0,0.0,3.185065,45.955353,50494.0,34.0,1.0,1464441962.0,1646918245.0,0.0,970.0,0.0,20402411.042200223,6260296.134355729,3.0,1.0
LTE,222.0,1.0,18806.0,205286187.0,0.0,12.471425,44.173208,139072.0,40.0,1.0,1464556326.0,1492235968.0,0.0,668.0,0.0,21436688.229621843,6427973.87339633,1.0,1.0
LTE,222.0,1.0,14618.0,153680647.0,0.0,15.934421,38.56898,86523.0,4.0,1.0,1464634316.0,1488290482.0,0.0,709.0,0.0,21822382.706567846,6937059.32874382,1.0,1.0
LTE,214.0,7.0,35010.0,89882635.0,0.0,-15.796604,28.133996,60296.0,30.0,1.0,1465061145.0,1487773011.0,0.0,545.0,0.0,18288309.583082967,7826569.075839912,3.0,1.0
LTE,268.0,6.0,48180.0,448523.0,0.0,-8.870137,38.233942,99375.0,5.0,1.0,1465247234.0,1473766590.0,0.0,825.0,0.0,19059751.440552272,6966704.207849474,1.0,1.0
LTE,262.0,7.0,20385.0,8035586.0,0.0,10.978411,51.055074,84165.0,27.0,1.0,1465377288.0,1492165066.0,0.0,636.0,0.0,21270402.373732008,5762283.887062227,3.0,1.0
LTE,202.0,1.0,4120.0,1029129.0,0.0,22.768313,39.338703,57509.0,3.0,1.0,1462950866.0,1488389272.0,0.0,718.0,0.0,22583513.93526274,6868636.493937046,1.0,1.0
LTE,214.0,7.0,43600.0,110099733.0,0.0,0.823993,40.710894,197867.0,18.0,1.0,1465764366.0,1483062909.0,0.0,706.0,0.0,20139444.40000027,6745529.310947672,1.0,1.0
LTE,216.0,1.0,5412.0,450307.0,0.0,21.393176,47.537824,174980.0,34.0,1.0,1465811238.0,1484788032.0,0.0,951.0,0.0,22430356.742489748,6108774.254799443,3.0,1.0
LTE,208.0,10.0,58503.0,153853960.0,0.0,5.149736,46.9442,68522.0,6.0,1.0,1465861533.0,1491043482.0,0.0,651.0,0.0,20621228.14557429,6165914.630316463,3.0,1.0
LTE,214.0,1.0,2861.0,8040711.0,0.0,-0.19156,38.471788,149919.0,10.0,1.0,1465979379.0,1492226485.0,0.0,516.0,0.0,20026336.21762121,6945667.578663427,1.0,1.0
LTE,216.0,1.0,5412.0,1466370.0,0.0,21.474659,47.552317,181111.0,16.0,1.0,1466009470.0,1481899838.0,0.0,667.0,0.0,22439431.989202417,6107374.592429224,3.0,1.0
LTE,216.0,1.0,5412.0,956674.0,0.0,21.26092,47.530846,165048.0,7.0,1.0,1466009470.0,1487573775.0,0.0,558.0,0.0,22415626.604556303,6109448.076571399,3.0,1.0
LTE,202.0,1.0,4501.0,1305344.0,0.0,21.354263,37.692319,58011.0,11.0,1.0,1466208505.0,1477222428.0,0.0,879.0,0.0,22426022.770062,7014455.511920778,3.0,1.0
LTE,222.0,10.0,13024.0,4811021.0,0.0,8.260304,44.073389,97987.0,17.0,1.0,1466451970.0,1568350612.0,0.0,517.0,0.0,20967670.618440267,6437276.938703572,1.0,1.0
LTE,222.0,1.0,7514.0,115207938.0,0.0,17.860636,40.712525,61422.0,7.0,1.0,1466493922.0,1491406802.0,0.0,588.0,0.0,22036916.73632432,6745382.098796908,1.0,1.0
LTE,216.0,1.0,5412.0,953346.0,0.0,21.607692,47.540523,191097.0,154.0,1.0,1466511995.0,1565964922.0,0.0,861.0,0.0,22454248.66625072,6108513.615496282,3.0,1.0
LTE,214.0,7.0,11080.0,28231189.0,0.0,-5.342288,36.165739,76811.0,5.0,1.0,1463911560.0,1489747911.0,0.0,920.0,0.0,19452668.98212596,7147932.160173701,1.0,1.0
LTE,214.0,7.0,11080.0,28231179.0,0.0,-5.481123,36.089102,91887.0,80.0,1.0,1463911560.0,1666875147.0,0.0,769.0,0.0,19437206.10180302,7154590.892380901,1.0,1.0
LTE,244.0,5.0,22070.0,1472001.0,0.0,22.473608,60.428647,137954.0,24.0,1.0,1466740054.0,1492413750.0,0.0,783.0,0.0,22550690.88527124,4758917.969249452,3.0,1.0
LTE,240.0,1.0,8.0,25626123.0,0.0,17.998567,59.321972,110048.0,38.0,1.0,1466758569.0,1491923188.0,0.0,775.0,0.0,22052278.932786472,4884483.17239544,3.0,1.0
LTE,226.0,10.0,10301.0,5159179.0,0.0,25.256609,44.732837,58401.0,29.0,1.0,1466762820.0,1492432440.0,0.0,760.0,0.0,22860650.27160469,6375645.438421089,1.0,1.0
LTE,208.0,10.0,59500.0,153939718.0,0.0,3.14574,45.97991,57417.0,13.0,1.0,1466859932.0,1481928182.0,0.0,524.0,0.0,20398031.18288017,6257964.152453106,3.0,1.0
LTE,222.0,88.0,12300.0,35347208.0,0.0,7.525823,44.361795,92236.0,8.0,1.0,1466960771.0,1516439182.0,0.0,531.0,0.0,20885867.09769645,6410372.554448076,1.0,1.0
LTE,222.0,10.0,13065.0,4295691.0,0.0,8.528325,44.292714,90216.0,17.0,1.0,1467069428.0,1568788624.0,0.0,796.0,0.0,20997521.71252341,6416823.891283679,1.0,1.0
LTE,222.0,10.0,13065.0,4809483.0,0.0,8.423114,44.223278,98032.0,29.0,1.0,1467069428.0,1659367654.0,0.0,711.0,0.0,20985803.73721707,6423303.920423827,1.0,1.0
LTE,222.0,10.0,43032.0,22048779.0,0.0,16.484946,39.443848,57474.0,5.0,1.0,1467180327.0,1473303075.0,0.0,615.0,0.0,21883697.95264977,6859255.110808046,1.0,1.0
LTE,226.0,1.0,13061.0,236490512.0,0.0,24.775712,44.757629,89595.0,4.0,1.0,1467325703.0,1483029204.0,0.0,640.0,0.0,22807089.91032218,6373320.458729151,1.0,1.0
LTE,214.0,7.0,30630.0,76847381.0,0.0,-1.252866,37.704583,209920.0,17.0,1.0,1467327104.0,1478972196.0,0.0,967.0,0.0,19908132.2513014,7013376.609959339,1.0,1.0
LTE,240.0,1.0,500.0,26203168.0,0.0,13.785279,55.637696,54229.0,3.0,1.0,1466269574.0,1469364123.0,0.0,936.0,0.0,21583019.969916493,5287931.857411166,3.0,1.0
LTE,240.0,1.0,500.0,27409932.0,0.0,13.857265,55.617963,59235.0,4.0,1.0,1466269574.0,1469364123.0,0.0,966.0,0.0,21591037.47921117,5290036.369373571,3.0,1.0
LTE,208.0,10.0,58501.0,3106054.0,0.0,5.482631,45.024738,50776.0,89.0,1.0,1467605231.0,1649575212.0,0.0,776.0,0.0,20658304.643180106,6348234.1814333415,1.0,1.0
LTE,208.0,20.0,59500.0,153930512.0,0.0,3.521708,45.772358,67756.0,6.0,1.0,1467734889.0,1479303216.0,0.0,725.0,0.0,20439904.976874866,6277654.93520898,3.0,1.0
LTE,240.0,8.0,11043.0,28745217.0,0.0,14.430008,56.663622,50062.0,2.0,1.0,1468016009.0,1484410305.0,0.0,730.0,0.0,21654827.27619895,5177721.085239623,3.0,1.0
LTE,240.0,7.0,35011.0,80800269.0,0.0,16.084258,59.558134,317814.0,30.0,1.0,1468163124.0,1490536810.0,0.0,773.0,0.0,21839070.945116825,4857867.239285345,3.0,1.0
LTE,262.0,2.0,42458.0,5168387.0,0.0,9.909879,54.357424,59376.0,36.0,1.0,1468170379.0,1492102492.0,0.0,821.0,0.0,21151393.604781635,5423311.669651483,3.0,1.0
LTE,208.0,1.0,1921.0,10737666.0,0.0,5.062611,44.014535,75403.0,99.0,1.0,1468233193.0,1638513828.0,0.0,970.0,0.0,20611524.51573934,6442757.797096008,1.0,1.0
LTE,204.0,4.0,22201.0,26039554.0,0.0,4.905435,52.074087,71048.0,99.0,1.0,1468367494.0,1591023270.0,0.0,656.0,0.0,20594018.889077205,5659183.987500287,3.0,1.0
LTE,208.0,1.0,26181.0,18645761.0,0.0,3.584411,43.314023,104878.0,13.0,1.0,1468871042.0,1490857254.0,0.0,820.0,0.0,20446888.58320532,6507751.9734182935,1.0,1.0
LTE,214.0,7.0,6612.0,15394581.0,0.0,-6.760144,38.69898,92637.0,21.0,1.0,1468894094.0,1491645028.0,0.0,668.0,0.0,19294753.92005116,6925534.369977776,1.0,1.0
LTE,214.0,1.0,2821.0,119608834.0,0.0,-0.300617,39.498678,222802.0,47.0,1.0,1458838623.0,1646636813.0,0.0,856.0,0.0,20014189.89040273,6854359.643009238,1.0,1.0
LTE,208.0,20.0,30481.0,130806528.0,0.0,4.967764,47.342257,265074.0,69.0,1.0,1464470575.0,1527746914.0,0.0,809.0,0.0,20600960.84080154,6127639.540146785,3.0,1.0
LTE,208.0,20.0,59500.0,153937936.0,0.0,3.66497,45.651565,62715.0,16.0,1.0,1469320099.0,1692427005.0,0.0,805.0,0.0,20455860.91853816,6289095.232754609,3.0,1.0
LTE,222.0,1.0,15801.0,179556414.0,0.0,11.331151,46.470177,59740.0,4.0,1.0,1469384927.0,1473341400.0,0.0,589.0,0.0,21309689.127109125,6211281.520963095,1.0,1.0
LTE,208.0,10.0,59500.0,2800648.0,0.0,3.502747,45.122985,84720.0,36.0,1.0,1469430347.0,1492433508.0,0.0,878.0,0.0,20437793.1774453,6338989.946853212,1.0,1.0
LTE,214.0,7.0,30630.0,76879892.0,0.0,-1.115081,37.984789,178669.0,58.0,1.0,1469467859.0,1478972202.0,0.0,557.0,0.0,19923478.186874527,6988696.664421508,1.0,1.0
LTE,222.0,1.0,26018.0,166445062.0,0.0,17.119172,39.35809,113400.0,22.0,1.0,1469639161.0,1488017350.0,0.0,788.0,0.0,21954335.477306325,6866907.35663127,1.0,1.0
LTE,208.0,1.0,2145.0,10057480.0,0.0,4.942158,45.72212,51050.0,28.0,1.0,1469660732.0,1491997117.0,0.0,698.0,0.0,20598108.948169645,6282414.71192817,1.0,1.0
LTE,214.0,7.0,25600.0,64019989.0,0.0,0.128822,42.040419,51674.0,23.0,1.0,1469843117.0,1490571540.0,0.0,640.0,0.0,20062019.067937218,6624804.678403309,1.0,1.0
LTE,222.0,1.0,7521.0,115215617.0,0.0,16.085937,41.592145,55627.0,19.0,1.0,1469888052.0,1490830495.0,0.0,968.0,0.0,21839257.945340563,6665672.95258531,1.0,1.0
LTE,268.0,3.0,6.0,210699.0,0.0,-8.927366,37.937956,57876.0,2.0,1.0,1469999825.0,1487839488.0,0.0,723.0,0.0,19053377.506184127,6992825.5432446245,1.0,1.0
LTE,204.0,4.0,21203.0,26050051.0,0.0,6.139161,51.916987,65961.0,77.0,1.0,1470109447.0,1698413047.0,0.0,544.0,0.0,20731426.29707441,5675163.05760826,3.0,1.0
LTE,222.0,1.0,26302.0,166438919.0,0.0,17.037588,38.906629,64148.0,22.0,1.0,1470281152.0,1487125942.0,0.0,817.0,0.0,21945248.98162248,6907099.480469131,1.0,1.0
LTE,262.0,1.0,12001.0,34647301.0,0.0,7.773173,51.105169,304712.0,18.0,1.0,1470302229.0,1506432415.0,0.0,604.0,0.0,20913415.939471774,5757245.347432559,3.0,1.0
LTE,260.0,3.0,56911.0,69003532.0,0.0,15.56519,51.372032,63957.0,85.0,1.0,1470393420.0,1632018726.0,0.0,952.0,0.0,21781259.252363093,5730352.764127437,3.0,1.0
LTE,208.0,10.0,58503.0,153855239.0,0.0,5.706045,46.59239,73487.0,499.0,1.0,1470592761.0,1626685809.0,0.0,921.0,0.0,20683187.590163704,6199606.895623948,3.0,1.0
LTE,222.0,1.0,18109.0,205205821.0,0.0,10.449989,45.012611,129552.0,6.0,1.0,1470609816.0,1481251115.0,0.0,508.0,0.0,21211548.87032145,6349374.592705769,1.0,1.0
LTE,262.0,7.0,10556.0,36039171.0,0.0,8.658368,53.708602,57432.0,12.0,1.0,1469035275.0,1492074294.0,0.0,927.0,0.0,21012005.37547465,5491043.433405434,3.0,1.0
LTE,208.0,1.0,2178.0,10081032.0,0.0,5.174661,45.658614,73153.0,26.0,1.0,1470899133.0,1491737116.0,0.0,898.0,0.0,20624004.19118274,6288428.0154036265,1.0,1.0
LTE,204.0,16.0,268.0,942091.0,0.0,4.980132,52.368387,66467.0,3.0,1.0,1458608896.0,1471693818.0,0.0,638.0,0.0,20602338.338578284,5629165.764635034,3.0,1.0
LTE,208.0,15.0,8202.0,103798866.0,0.0,0.875265,43.238917,58296.0,3.0,1.0,1470985618.0,1474285779.0,0.0,687.0,0.0,20145154.86782119,6514694.173485162,1.0,1.0
LTE,208.0,1.0,25062.0,18633985.0,0.0,-0.755532,44.846859,68090.0,24.0,1.0,1471039563.0,1505854517.0,0.0,693.0,0.0,19963523.299110133,6364947.7100812895,3.0,1.0
LTE,208.0,20.0,30481.0,130807560.0,0.0,4.819477,47.43802,249413.0,14.0,1.0,1471039567.0,1491029808.0,0.0,878.0,0.0,20584445.234978464,6118406.824078655,3.0,1.0
LTE,268.0,3.0,1.0,210453.0,0.0,-8.716862,39.493737,84361.0,12.0,1.0,1458900729.0,1491999281.0,0.0,809.0,0.0,19076822.589624893,6854800.892072784,1.0,1.0
LTE,226.0,1.0,31180.0,242555151.0,0.0,23.433317,45.936688,52331.0,338.0,1.0,1471261539.0,1495347475.0,0.0,801.0,0.0,22657579.38897594,6262068.200569842,3.0,1.0
LTE,208.0,1.0,14720.0,14403841.0,0.0,-1.896058,48.885399,52981.0,10.0,1.0,1471716525.0,1488235901.0,0.0,708.0,0.0,19836496.129857466,5977667.555207117,3.0,1.0
LTE,208.0,1.0,2561.0,10708993.0,0.0,6.779847,43.210901,186733.0,21.0,1.0,1471774199.0,1488890876.0,0.0,988.0,0.0,20802783.310382143,6517282.463240123,1.0,1.0
LTE,240.0,1.0,148.0,26073621.0,0.0,16.790489,57.727551,84374.0,10.0,1.0,1471781373.0,1491954884.0,0.0,696.0,0.0,21917728.09521116,5061727.533669826,3.0,1.0
LTE,214.0,3.0,3108.0,26228756.0,0.0,-4.038607,36.972508,726083.0,19.0,1.0,1458645365.0,1492343225.0,0.0,552.0,0.0,19597867.694858927,7077593.278734979,1.0,1.0
LTE,208.0,20.0,59903.0,2412815.0,0.0,0.134208,43.733678,54079.0,2.0,1.0,1472015342.0,1489587569.0,0.0,750.0,0.0,20062618.93881573,6468869.348994911,1.0,1.0
LTE,222.0,1.0,201.0,51498498.0,0.0,10.201964,43.552328,82969.0,3.0,1.0,1472209544.0,1489974667.0,0.0,521.0,0.0,21183924.849778388,6485691.56304339,1.0,1.0
LTE,284.0,3.0,1800.0,259077.0,0.0,23.655571,42.733888,66247.0,84.0,1.0,1472238405.0,1681641192.0,0.0,912.0,0.0,22682333.139855,6561245.428413765,1.0,1.0
LTE,262.0,2.0,48030.0,20628489.0,0.0,11.432793,48.083527,52044.0,24.0,1.0,1472281593.0,1481444687.0,0.0,515.0,0.0,21321009.601642083,6055918.961593837,3.0,1.0
LTE,232.0,5.0,10163.0,36410635.0,0.0,12.852667,47.284195,63790.0,104.0,1.0,1472321263.0,1686556065.0,0.0,825.0,0.0,21479149.420388404,6133232.74663485,3.0,1.0
LTE,232.0,1.0,186.0,946439.0,0.0,14.859005,48.098772,58771.0,2.0,1.0,1472432939.0,1491438683.0,0.0,708.0,0.0,21702607.225562565,6054437.796956306,3.0,1.0
LTE,208.0,15.0,1401.0,102751570.0,0.0,-1.447399,49.413092,52457.0,13.0,1.0,1472679453.0,1492237146.0,0.0,691.0,0.0,19886465.95319313,5925783.227950557,3.0,1.0
LTE,204.0,2.0,12100.0,108191058.0,0.0,5.047487,52.608561,64430.0,9.0,1.0,1463224088.0,1535114901.0,0.0,855.0,0.0,20609840.065838348,5604586.232271372,3.0,1.0
LTE,208.0,15.0,7109.0,103765311.0,0.0,3.747031,46.319535,80139.0,5.0,1.0,1458886682.0,1492475395.0,0.0,967.0,0.0,20465000.5405512,6225651.11202439,3.0,1.0
LTE,240.0,1.0,806.0,26231583.0,0.0,13.145286,55.674257,59192.0,41.0,1.0,1472681227.0,1492321506.0,0.0,719.0,0.0,21511740.14014363,5284031.142909602,3.0,1.0
LTE,208.0,15.0,4000.0,103225426.0,0.0,-0.3045,45.055363,55226.0,5.0,1.0,1472933305.0,1478799142.0,0.0,750.0,0.0,20013757.41758036,6345353.611097648,3.0,1.0
LTE,240.0,1.0,806.0,25816074.0,0.0,13.736127,55.920091,483053.0,11.0,1.0,1473012667.0,1491582302.0,0.0,569.0,0.0,21577545.619114224,5257751.924477179,3.0,1.0
LTE,208.0,1.0,37828.0,21629957.0,0.0,5.806324,46.516592,111220.0,3.0,1.0,1473098642.0,1484842788.0,0.0,821.0,0.0,20694356.259273823,6206849.4234919865,1.0,1.0
LTE,208.0,1.0,14562.0,14589442.0,0.0,-2.505224,47.649282,85745.0,13.0,1.0,1473450829.0,1652115421.0,0.0,757.0,0.0,19768649.686562903,6098004.483343882,3.0,1.0
LTE,208.0,1.0,26849.0,18513925.0,0.0,-1.430602,43.447948,104844.0,17.0,1.0,1473515349.0,1634030078.0,0.0,647.0,0.0,19888336.73506214,6495360.513652395,1.0,1.0
LTE,240.0,2.0,3021.0,152594945.0,0.0,13.861676,56.181784,136699.0,3.0,1.0,1469406504.0,1477392263.0,0.0,795.0,0.0,21591528.7585363,5229679.007004007,3.0,1.0
LTE,208.0,10.0,59905.0,154301191.0,0.0,0.613909,43.446056,75531.0,35.0,1.0,1473591922.0,1648898483.0,0.0,804.0,0.0,20116046.094459426,6495535.683494898,1.0,1.0
LTE,240.0,1.0,806.0,26231052.0,0.0,13.356516,55.70158,55938.0,27.0,1.0,1472678184.0,1619957956.0,0.0,542.0,0.0,21535266.08252569,5281114.756496177,3.0,1.0
LTE,208.0,10.0,59500.0,2801415.0,0.0,4.686917,45.030471,119294.0,4.0,1.0,1473667630.0,1490126459.0,0.0,693.0,0.0,20569681.23875555,6347695.0068216,1.0,1.0
LTE,208.0,1.0,26818.0,18556421.0,0.0,-1.461503,43.878384,57932.0,3.0,1.0,1473833133.0,1492184344.0,0.0,900.0,0.0,19884895.106763378,6455424.877277308,3.0,1.0
LTE,240.0,1.0,108.0,26294540.0,0.0,17.525268,59.228802,70243.0,30.0,1.0,1472144779.0,1681875417.0,0.0,750.0,0.0,21999564.805988733,4894957.304474235,3.0,1.0
LTE,240.0,8.0,10020.0,28179722.0,0.0,13.180516,55.717771,107625.0,134.0,1.0,1458648180.0,1492432402.0,0.0,849.0,0.0,21515663.914939445,5279386.053961265,3.0,1.0
LTE,214.0,7.0,35040.0,89656331.0,0.0,-15.706643,28.144071,69777.0,9.0,1.0,1474135568.0,1480269732.0,0.0,705.0,0.0,18298329.07511834,7825739.514625376,3.0,1.0
LTE,240.0,1.0,110.0,26838560.0,0.0,17.51453,59.799082,55513.0,19.0,1.0,1472223966.0,1530628910.0,0.0,969.0,0.0,21998368.851014063,4830612.509652597,3.0,1.0
LTE,240.0,7.0,35008.0,80981765.0,0.0,16.918179,58.896063,53750.0,3.0,1.0,1458647941.0,1475411325.0,0.0,934.0,0.0,21931949.69054688,4932243.298824384,3.0,1.0
LTE,202.0,5.0,4060.0,379394.0,0.0,20.88334,38.126394,51058.0,111.0,1.0,1474384080.0,1684419949.0,0.0,876.0,0.0,22373573.27252668,6976202.876077512,3.0,1.0
LTE,208.0,10.0,59903.0,2939143.0,0.0,-1.387988,43.625928,56519.0,91.0,1.0,1474491945.0,1655364672.0,0.0,697.0,0.0,19893082.90988896,6478867.934541365,1.0,1.0
LTE,240.0,1.0,815.0,26323734.0,0.0,12.196553,58.23474,60099.0,3.0,1.0,1473217875.0,1485782805.0,0.0,567.0,0.0,21406074.09889021,5005799.878107168,3.0,1.0
LTE,208.0,1.0,39429.0,21370370.0,0.0,7.663387,48.410684,79462.0,6.0,1.0,1474614345.0,1491956511.0,0.0,800.0,1.0,20901188.419184137,6024077.999861289,1.0,1.0
LTE,208.0,10.0,59905.0,154390276.0,0.0,0.608173,43.584018,106598.0,13.0,1.0,1474736756.0,1594800633.0,0.0,517.0,0.0,20115407.24199764,6482754.107879646,1.0,1.0
LTE,208.0,20.0,59905.0,154313745.0,0.0,0.736026,43.337093,78739.0,5.0,1.0,1474736758.0,1491217932.0,0.0,514.0,0.0,20129646.99161357,6505618.556622294,1.0,1.0
LTE,262.0,2.0,44262.0,10275587.0,0.0,7.603635,51.341712,183360.0,4.0,1.0,1469322491.0,1482061931.0,0.0,563.0,0.0,20894533.48328861,5733412.592119384,3.0,1.0
LTE,240.0,7.0,34300.0,80777225.0,0.0,18.844066,59.677991,59516.0,4.0,1.0,1474826799.0,1491752587.0,0.0,946.0,0.0,22146447.18899104,4844322.280744308,3.0,1.0
LTE,208.0,20.0,59900.0,2678800.0,0.0,-1.232913,44.007242,74587.0,4.0,1.0,1475196350.0,1489942104.0,0.0,951.0,0.0,19910354.535675537,6443436.746162565,3.0,1.0
LTE,240.0,1.0,806.0,26229014.0,0.0,13.760101,56.401191,696845.0,8.0,1.0,1475575532.0,1489496277.0,0.0,529.0,0.0,21580215.74619214,5206063.287598783,3.0,1.0
LTE,262.0,7.0,40204.0,17926659.0,0.0,8.538405,50.114808,80092.0,59.0,1.0,1475395568.0,1494157394.0,0.0,888.0,0.0,20998644.382121533,5856297.121999586,3.0,1.0
LTE,222.0,1.0,18705.0,205341758.0,0.0,11.191765,44.621699,216033.0,7.0,1.0,1475864846.0,1492270620.0,0.0,859.0,0.0,21294164.87863653,6386060.776254536,1.0,1.0
LTE,208.0,15.0,6404.0,102705234.0,0.0,-0.652164,43.423043,53809.0,18.0,1.0,1476142646.0,1492231528.0,0.0,732.0,0.0,19975036.008536585,6497666.07322485,1.0,1.0
LTE,208.0,1.0,50437.0,24230403.0,0.0,2.344298,48.744268,191146.0,54.0,1.0,1471603501.0,1649171484.0,0.0,601.0,0.0,20308769.817001447,5991491.185625883,3.0,1.0
LTE,216.0,70.0,3303.0,1503490.0,0.0,21.52207,47.216195,54746.0,1601.0,1.0,1476195013.0,1558584380.0,0.0,664.0,0.0,22444712.43447192,6139778.822549009,3.0,1.0
LTE,262.0,1.0,24002.0,34364160.0,0.0,8.092892,50.383897,50905.0,27.0,1.0,1475776158.0,1596372222.0,0.0,598.0,0.0,20949024.94753147,5829499.310856737,3.0,1.0
LTE,240.0,8.0,35040.0,80787208.0,0.0,15.235405,58.802208,113993.0,3.0,1.0,1462389253.0,1478485534.0,0.0,664.0,0.0,21744529.133968603,4942726.724114235,3.0,1.0
LTE,222.0,1.0,18408.0,205303871.0,0.0,12.098733,44.895371,134345.0,23.0,1.0,1476641232.0,1492072069.0,0.0,749.0,0.0,21395179.30324654,6360392.501470091,1.0,1.0
LTE,222.0,1.0,24724.0,128267522.0,0.0,10.653946,45.350779,54468.0,14.0,1.0,1476644806.0,1483846026.0,0.0,518.0,0.0,21234264.7754032,6317520.752517579,1.0,1.0
LTE,208.0,10.0,58104.0,154150406.0,0.0,2.966271,42.606809,65698.0,48.0,1.0,1476837917.0,1685951634.0,0.0,707.0,0.0,20378042.65211576,6572923.784022758,3.0,1.0
LTE,208.0,1.0,26531.0,19065602.0,0.0,0.430807,46.503978,72164.0,17.0,1.0,1476963908.0,1645114230.0,0.0,999.0,0.0,20095652.93486069,6208054.130821026,3.0,1.0
LTE,240.0,1.0,24.0,26168331.0,0.0,16.982163,60.505067,161508.0,10.0,1.0,1477012670.0,1483968555.0,0.0,664.0,0.0,21939075.96947209,4750167.234842773,3.0,1.0
LTE,214.0,1.0,4160.0,74499080.0,0.0,-5.043998,36.454358,50571.0,7.0,1.0,1470158668.0,1529175760.0,0.0,607.0,0.0,19485891.314906072,7122819.562205145,1.0,1.0
LTE,262.0,2.0,46755.0,15817997.0,0.0,7.809069,49.48321,74076.0,25.0,1.0,1474805123.0,1623895987.0,0.0,574.0,0.0,20917413.890651748,5918865.348076617,3.0,1.0
LTE,226.0,1.0,23210.0,233129230.0,0.0,26.802447,45.871212,170567.0,3.0,1.0,1477231532.0,1481248823.0,0.0,525.0,0.0,23032819.45079325,6268281.806255378,3.0,1.0
LTE,238.0,2.0,14041.0,41537912.0,0.0,9.815875,55.993929,86569.0,6.0,1.0,1470276990.0,1486290759.0,0.0,947.0,0.0,21140923.819771536,5249841.331515802,3.0,1.0
LTE,208.0,1.0,25536.0,18405122.0,0.0,0.585174,43.362698,59395.0,8.0,1.0,1477593117.0,1492336045.0,0.0,993.0,0.0,20112845.70647312,6503250.15706042,1.0,1.0
LTE,222.0,10.0,32021.0,17421324.0,0.0,13.560441,41.677726,51232.0,9.0,1.0,1477665934.0,1492345790.0,0.0,922.0,0.0,21557978.42357697,6657883.727289952,1.0,1.0
LTE,208.0,1.0,24773.0,19317509.0,0.0,1.340754,43.651268,59628.0,16.0,1.0,1477722465.0,1687956536.0,0.0,769.0,0.0,20196999.14843229,6476517.471981331,3.0,1.0
LTE,208.0,1.0,1953.0,10828545.0,0.0,5.286192,44.027947,62351.0,6.0,1.0,1477754739.0,1486818591.0,0.0,589.0,0.0,20636426.062506955,6441509.06627031,1.0,1.0
LTE,240.0,1.0,131.0,25827851.0,0.0,14.6065,56.548059,77281.0,3.0,1.0,1477933628.0,1487416143.0,0.0,590.0,0.0,21674484.24075368,5190214.638011551,3.0,1.0
LTE,240.0,1.0,131.0,25827103.0,0.0,14.618735,56.551283,77849.0,3.0,1.0,1477933628.0,1488094110.0,0.0,749.0,0.0,21675846.925528776,5189866.36621978,3.0,1.0
LTE,208.0,10.0,58104.0,154243846.0,0.0,3.036447,42.706617,231384.0,25.0,1.0,1478048062.0,1491969604.0,0.0,592.0,0.0,20385858.57093697,6563752.77392422,3.0,1.0
LTE,222.0,1.0,24721.0,128419587.0,0.0,11.121371,45.112466,54651.0,14.0,1.0,1478150826.0,1599968028.0,0.0,895.0,0.0,21286324.679857746,6339980.139826411,1.0,1.0
LTE,240.0,8.0,12008.0,28205826.0,0.0,13.457393,56.255749,103706.0,83.0,1.0,1458849294.0,1662874741.0,0.0,912.0,0.0,21546501.35445522,5221725.924748982,3.0,1.0
LTE,240.0,1.0,812.0,26248716.0,0.0,12.350111,58.216061,145864.0,5.0,1.0,1475019898.0,1489839431.0,0.0,632.0,0.0,21423176.76735731,5007867.006038885,3.0,1.0
LTE,262.0,1.0,4506.0,30835969.0,0.0,9.48882,53.131415,341149.0,6.0,1.0,1475269597.0,1489751068.0,0.0,764.0,0.0,21104497.75772654,5550818.260682414,3.0,1.0
LTE,240.0,8.0,10021.0,28179981.0,0.0,13.157524,55.730637,105931.0,81.0,1.0,1477850791.0,1505829972.0,0.0,735.0,0.0,21513103.159046587,5278012.0849438,3.0,1.0
LTE,214.0,1.0,4322.0,11854345.0,0.0,-2.111916,37.302995,136118.0,10.0,1.0,1458820559.0,1488998530.0,0.0,942.0,0.0,19812454.739568647,7048650.047113276,1.0,1.0
LTE,226.0,10.0,13101.0,6605323.0,0.0,28.506949,44.046831,192844.0,18.0,1.0,1469264843.0,1490796083.0,0.0,951.0,0.0,23222659.98406081,6439750.582292023,3.0,1.0
LTE,222.0,99.0,20016.0,6282754.0,0.0,9.527433,45.563301,107597.0,11.0,1.0,1480106505.0,1491847047.0,0.0,902.0,0.0,21108798.317368627,6297445.677513418,1.0,1.0
LTE,232.0,3.0,14073.0,20516613.0,0.0,16.589983,48.010792,62908.0,4.0,1.0,1480176327.0,1491549752.0,0.0,737.0,0.0,21895396.54854043,6062982.259860346,3.0,1.0
LTE,214.0,3.0,2360.0,14749717.0,0.0,1.46856,41.168027,65003.0,12.0,1.0,1480475210.0,1494676446.0,0.0,849.0,0.0,20211233.66337848,6704184.701163344,1.0,1.0
LTE,240.0,8.0,12013.0,28233221.0,0.0,12.236255,57.217168,85479.0,121.0,1.0,1480700283.0,1655182782.0,0.0,794.0,0.0,21410495.946944244,5117592.274416536,3.0,1.0
LTE,240.0,1.0,16.0,25891615.0,0.0,12.481992,58.279241,136125.0,3.0,1.0,1475019898.0,1492419778.0,0.0,655.0,0.0,21437865.139308684,5000872.838656369,3.0,1.0
LTE,240.0,1.0,16.0,25891595.0,0.0,12.373867,58.151939,151626.0,4.0,1.0,1475019898.0,1490031257.0,0.0,504.0,0.0,21425822.61447764,5014958.793245707,3.0,1.0
LTE,226.0,10.0,13101.0,6605322.0,0.0,28.488251,44.029235,191916.0,17.0,1.0,1469264843.0,1591628684.0,0.0,631.0,0.0,23220577.47650668,6441389.137711894,3.0,1.0
LTE,214.0,7.0,24610.0,61451274.0,0.0,-6.272494,42.621204,57424.0,6.0,1.0,1477680395.0,1492056529.0,0.0,738.0,0.0,19349066.403138846,6571601.611788181,1.0,1.0
LTE,240.0,8.0,10021.0,28270346.0,0.0,13.189465,55.732695,106776.0,67.0,1.0,1481627838.0,1491114437.0,0.0,898.0,0.0,21516660.618335634,5277792.287136701,3.0,1.0
LTE,240.0,1.0,108.0,26294048.0,0.0,14.385412,57.065252,167302.0,2.0,1.0,1471395275.0,1481625565.0,0.0,813.0,0.0,21649860.35423488,5134141.369636814,3.0,1.0
LTE,244.0,91.0,4110.0,36909855.0,0.0,24.634575,61.206621,113071.0,3.0,1.0,1471089969.0,1488197356.0,0.0,566.0,0.0,22791370.642557293,4669337.047083489,3.0,1.0
LTE,240.0,8.0,12000.0,28210434.0,0.0,13.827385,56.16494,124148.0,11.0,1.0,1458849285.0,1491181204.0,0.0,621.0,0.0,21587709.5657596,5231489.010762754,3.0,1.0
LTE,214.0,7.0,23060.0,58912287.0,0.0,-4.121094,37.290486,166609.0,9.0,1.0,1482591933.0,1492362073.0,0.0,561.0,0.0,19588680.626690254,7049746.94488052,1.0,1.0
LTE,244.0,12.0,6002.0,463107.0,0.0,25.199157,60.469308,70950.0,8.0,1.0,1482677124.0,1484242526.0,0.0,879.0,0.0,22854251.50039921,4754263.249895908,3.0,1.0
LTE,240.0,7.0,34201.0,80533765.0,0.0,18.043143,59.347884,61991.0,37.0,1.0,1482392892.0,1647649005.0,0.0,583.0,0.0,22057243.627231497,4881567.51804556,3.0,1.0
LTE,240.0,1.0,156.0,25941781.0,0.0,15.044139,58.053978,56465.0,13.0,1.0,1479865922.0,1646802289.0,0.0,627.0,0.0,21723226.701096155,5025780.201557675,3.0,1.0
LTE,214.0,7.0,35000.0,89840926.0,0.0,-15.763866,28.19596,51770.0,18.0,1.0,1481002468.0,1622805996.0,0.0,585.0,0.0,18291955.809005912,7821466.281295933,3.0,1.0
LTE,240.0,1.0,152.0,26829334.0,0.0,14.375603,59.19596,201444.0,36.0,1.0,1483063158.0,1518023086.0,0.0,630.0,0.0,21648767.867519803,4898645.8575670505,3.0,1.0
LTE,226.0,5.0,7022.0,51501847.0,0.0,21.875973,46.012578,69793.0,13.0,1.0,1483271645.0,1483271645.0,0.0,738.0,0.0,22484128.71808144,6254861.00691428,3.0,1.0
LTE,240.0,7.0,10023.0,28361730.0,0.0,14.401507,56.01761,58591.0,2.0,1.0,1458596917.0,1483618077.0,0.0,564.0,0.0,21651652.95018545,5247302.56615964,3.0,1.0
LTE,268.0,1.0,12.0,1442563.0,0.0,-6.907401,40.609272,66072.0,103.0,1.0,1483727578.0,1677060297.0,0.0,532.0,0.0,19278353.031458843,6754697.376007308,1.0,1.0
LTE,222.0,1.0,10663.0,128364802.0,0.0,9.992494,45.152097,82971.0,4.0,1.0,1483819521.0,1491456677.0,0.0,945.0,0.0,21160594.92907219,6336248.971936606,1.0,1.0
LTE,240.0,7.0,34202.0,80598788.0,0.0,18.045027,59.343191,62514.0,69.0,1.0,1482392892.0,1647647375.0,0.0,690.0,0.0,22057453.459525432,4882095.666227924,3.0,1.0
LTE,214.0,1.0,3846.0,247573455.0,0.0,-6.345288,39.84381,68434.0,261.0,1.0,1484413531.0,1656149290.0,0.0,811.0,0.0,19340958.90207479,6823491.563935617,1.0,1.0
LTE,208.0,1.0,25217.0,18720257.0,0.0,2.561843,44.425763,71914.0,7.0,1.0,1484418331.0,1526475242.0,0.0,947.0,0.0,20332999.098521616,6404394.752979422,1.0,1.0
LTE,222.0,1.0,211.0,51394819.0,0.0,10.782694,43.204977,64706.0,2.0,1.0,1458882886.0,1484439097.0,0.0,786.0,0.0,21248604.206496343,6517829.669291558,1.0,1.0
LTE,240.0,1.0,818.0,26240032.0,0.0,14.723417,58.718803,175921.0,2.0,1.0,1484964033.0,1492278902.0,0.0,867.0,0.0,21687505.98295641,4952030.529832014,3.0,1.0
LTE,208.0,1.0,12385.0,14617857.0,0.0,-0.213606,48.531253,62378.0,10.0,1.0,1485032729.0,1492430673.0,0.0,714.0,0.0,20023880.823379133,6012314.083448562,3.0,1.0
LTE,214.0,1.0,4341.0,59266561.0,0.0,-4.376108,38.063254,51922.0,6.0,1.0,1485156454.0,1491370639.0,0.0,639.0,0.0,19560278.199617308,6981775.502757678,1.0,1.0
LTE,208.0,1.0,25222.0,18763266.0,0.0,2.149908,44.083711,68993.0,18.0,1.0,1485174466.0,1491927206.0,0.0,782.0,0.0,20287119.445654344,6436315.360411766,1.0,1.0
LTE,208.0,1.0,25217.0,18760450.0,0.0,2.206898,44.00615,151112.0,6.0,1.0,1485294202.0,1491927206.0,0.0,873.0,0.0,20293466.76116991,6443538.402786262,1.0,1.0
LTE,240.0,1.0,131.0,25826847.0,0.0,14.354979,56.594692,125725.0,4.0,1.0,1479557120.0,1487340962.0,0.0,997.0,0.0,21646470.849881742,5185175.579446959,3.0,1.0
LTE,208.0,1.0,2561.0,10696194.0,0.0,6.63934,43.390064,78257.0,8.0,1.0,1485462333.0,1491059597.0,0.0,625.0,0.0,20787134.20946714,6500718.221291162,1.0,1.0
LTE,240.0,1.0,94.0,25695244.0,0.0,13.382536,56.136816,67083.0,2.0,1.0,1481475930.0,1485447192.0,0.0,787.0,0.0,21538164.0848018,5234510.181935902,3.0,1.0
LTE,262.0,1.0,4506.0,26996224.0,0.0,9.304011,52.537516,273961.0,3.0,1.0,1475269597.0,1490798081.0,0.0,990.0,0.0,21083914.47937741,5611864.747154753,3.0,1.0
LTE,208.0,1.0,39456.0,21364486.0,0.0,7.584898,48.431365,66941.0,9.0,1.0,1485761274.0,1492349745.0,0.0,532.0,0.0,20892446.632072337,6022061.284688861,1.0,1.0
LTE,238.0,6.0,50303.0,462343.0,0.0,9.628455,55.627109,88494.0,25.0,1.0,1458936760.0,1488371938.0,0.0,538.0,0.0,21120049.73881123,5289061.025112984,3.0,1.0
LTE,208.0,10.0,58507.0,154363908.0,0.0,6.669281,46.131204,55353.0,54.0,1.0,1486338334.0,1676795201.0,0.0,922.0,0.0,20790468.9168518,6243583.760108841,1.0,1.0
LTE,240.0,8.0,35037.0,80840203.0,0.0,14.602652,58.195142,50568.0,2.0,1.0,1458849404.0,1486353115.0,0.0,550.0,0.0,21674055.66608963,5010181.349535561,3.0,1.0
LTE,208.0,15.0,7543.0,103358281.0,0.0,2.55373,48.735025,51101.0,7.0,1.0,1486788665.0,1490930962.0,0.0,935.0,0.0,20332095.50542146,5992395.757327964,3.0,1.0
LTE,262.0,3.0,50942.0,23481601.0,0.0,8.555682,49.162456,130631.0,89.0,1.0,1486869091.0,1505816471.0,0.0,574.0,0.0,21000568.6244476,5950465.544204673,3.0,1.0
LTE,240.0,1.0,27.0,25862942.0,0.0,16.718974,60.147598,59309.0,5.0,1.0,1458819349.0,1492044644.0,0.0,865.0,0.0,21909763.04398996,4791010.492960355,3.0,1.0
LTE,262.0,2.0,46452.0,15935503.0,0.0,8.612582,49.812655,51021.0,16.0,1.0,1487342704.0,1516899133.0,0.0,976.0,0.0,21006905.91612747,5886286.864914387,3.0,1.0
LTE,214.0,7.0,38060.0,97326366.0,0.0,-17.097316,28.243881,77599.0,3.0,1.0,1477424274.0,1490446293.0,0.0,927.0,0.0,18143441.545552053,7817518.683738759,3.0,1.0
LTE,208.0,15.0,7103.0,104756051.0,0.0,5.386654,46.062164,74285.0,108.0,1.0,1487738441.0,1696972807.0,0.0,725.0,0.0,20647615.113416325,6250148.789249975,1.0,1.0
LTE,208.0,10.0,49300.0,153833989.0,0.0,7.580792,48.482114,54445.0,7.0,1.0,1487880133.0,1492127669.0,0.0,852.0,0.0,20891989.32241263,6017110.496323523,1.0,1.0
LTE,222.0,1.0,1011.0,51220744.0,0.0,8.954675,44.642254,83410.0,4.0,1.0,1478041329.0,1489673079.0,0.0,588.0,0.0,21045006.849741567,6384135.3332991,1.0,1.0
LTE,222.0,1.0,1011.0,51220743.0,0.0,8.947188,44.891512,55689.0,2.0,1.0,1478034981.0,1488216709.0,0.0,949.0,0.0,21044172.977987487,6360754.937927356,1.0,1.0
LTE,208.0,15.0,3106.0,102969939.0,0.0,1.433518,43.615249,80288.0,26.0,1.0,1488513753.0,1561368632.0,0.0,958.0,0.0,20207330.82726167,6479858.312839739,3.0,1.0
LTE,262.0,1.0,26549.0,31365888.0,0.0,9.616435,48.986117,93625.0,4.0,1.0,1474039458.0,1491916141.0,0.0,926.0,0.0,21118710.99986585,5967788.790772071,3.0,1.0
LTE,222.0,1.0,1011.0,51220741.0,0.0,8.958749,44.535922,95238.0,7.0,1.0,1478034981.0,1492346604.0,0.0,815.0,0.0,21045460.595370807,6394091.460470473,1.0,1.0
LTE,240.0,1.0,15.0,25693983.0,0.0,13.195002,55.884892,97416.0,4.0,1.0,1481475930.0,1491116446.0,0.0,648.0,0.0,21517277.30698293,5261520.105377423,3.0,1.0
LTE,204.0,16.0,539.0,5214729.0,0.0,6.020569,52.416328,72577.0,4.0,1.0,1470098769.0,1491014119.0,0.0,875.0,0.0,20718218.00015175,5624265.378674893,3.0,1.0
LTE,240.0,1.0,826.0,25750026.0,0.0,17.547733,61.500688,207013.0,3.0,1.0,1479953298.0,1490424340.0,0.0,527.0,0.0,22002066.866754785,4635185.366144524,3.0,1.0
LTE,260.0,1.0,42004.0,11320577.0,0.0,19.023476,52.853987,114888.0,3.0,1.0,1481307132.0,1490883142.0,0.0,742.0,0.0,22166429.148574263,5579392.1816587765,3.0,1.0
LTE,240.0,7.0,34307.0,80549894.0,0.0,17.637469,59.354195,136607.0,26.0,1.0,1485315598.0,1492468259.0,0.0,511.0,0.0,22012061.299200915,4880857.221343313,3.0,1.0
LTE,240.0,7.0,34307.0,80549892.0,0.0,16.493907,59.310587,83053.0,54.0,1.0,1485315598.0,1492173596.0,0.0,641.0,0.0,21884695.992557384,4885763.864975887,3.0,1.0
LTE,240.0,1.0,24.0,27720990.0,0.0,16.856363,59.861913,89675.0,2.0,1.0,1477012670.0,1489843522.0,0.0,963.0,0.0,21925064.874686018,4823488.774421805,3.0,1.0
LTE,208.0,10.0,58511.0,154912776.0,0.0,5.405839,46.363541,433557.0,9.0,1.0,1484895994.0,1492221893.0,0.0,696.0,0.0,20649751.861059178,6221455.787116813,3.0,1.0
LTE,208.0,10.0,49605.0,1325062.0,0.0,5.150524,44.578261,128321.0,2.0,1.0,1484186975.0,1490753723.0,0.0,840.0,0.0,20621315.90982462,6390128.426692649,1.0,1.0
LTE,244.0,12.0,9002.0,891907.0,0.0,25.869473,60.365533,53269.0,2.0,1.0,1481927770.0,1491027502.0,0.0,839.0,0.0,22928908.58317047,4766137.144064096,3.0,1.0
LTE,260.0,1.0,41022.0,11347972.0,0.0,16.621824,53.22182,90986.0,3.0,1.0,1458664278.0,1492304618.0,0.0,653.0,0.0,21898942.87023425,5541485.027064041,3.0,1.0
LTE,222.0,1.0,24079.0,128305921.0,0.0,8.43071,44.460923,89592.0,2.0,1.0,1487407527.0,1491387936.0,0.0,914.0,0.0,20986649.748949938,6401107.431194096,1.0,1.0
LTE,208.0,1.0,52610.0,24777476.0,0.0,3.642423,47.302073,195751.0,2.0,1.0,1485212716.0,1491571346.0,0.0,805.0,0.0,20453349.72494403,6131510.905337131,3.0,1.0
LTE,208.0,15.0,1605.0,103148625.0,0.0,-1.439947,46.174887,54259.0,17.0,1.0,1491783671.0,1658389086.0,0.0,622.0,0.0,19887295.926788885,6239427.47895447,1.0,1.0
LTE,216.0,70.0,3304.0,1228033.0,0.0,20.856435,47.143674,54975.0,21.0,1.0,1491234315.0,1491879528.0,0.0,522.0,0.0,22370576.70253288,6146754.811214318,3.0,1.0
LTE,262.0,1.0,16545.0,25951745.0,-1.0,12.636485,51.288048,64427.0,1229.0,1.0,1596614384.0,1653224635.0,0.0,674.0,0.0,21455071.94429108,5738825.479448133,3.0,1.0
LTE,262.0,1.0,16508.0,27725568.0,-1.0,10.33435,51.406228,51709.0,86.0,1.0,1596619820.0,1596694169.0,0.0,964.0,0.0,21198669.466585618,5726900.422553945,3.0,1.0
LTE,262.0,2.0,47210.0,18274563.0,0.0,8.553443,49.109853,118464.0,200.0,1.0,1597526884.0,1671101484.0,0.0,657.0,0.0,21000319.25369064,5955636.824590307,3.0,1.0
LTE,262.0,2.0,49605.0,3036163.0,-1.0,12.538445,52.342291,65470.0,1435.0,1.0,1603623890.0,1659864222.0,0.0,818.0,0.0,21444152.645937923,5631831.983042347,3.0,1.0
LTE,262.0,1.0,24026.0,26906630.0,-1.0,7.122771,50.711648,106201.0,3.0,1.0,1615208511.0,1646053093.0,0.0,809.0,0.0,20840976.797412515,5796743.875098456,3.0,1.0
LTE,208.0,1.0,25894.0,18738690.0,0.0,2.438259,43.197484,293462.0,71.0,1.0,1622644159.0,1691738625.0,0.0,564.0,0.0,20319234.8128456,6518521.760845771,1.0,1.0
LTE,262.0,2.0,47210.0,18240257.0,0.0,8.510707,49.082303,114280.0,200.0,1.0,1625835167.0,1688694141.0,0.0,929.0,0.0,20995559.49099765,5958343.961999376,3.0,1.0
LTE,262.0,1.0,16502.0,32829696.0,-1.0,12.729537,51.359344,59313.0,245.0,1.0,1616817900.0,1651316351.0,0.0,865.0,0.0,21465435.699394688,5731633.346729095,3.0,1.0
LTE,262.0,1.0,17993.0,28609537.0,-1.0,10.515354,51.213324,53814.0,25.0,1.0,1626520308.0,1626520322.0,0.0,783.0,0.0,21218828.959436648,5746356.7350181565,3.0,1.0
LTE,262.0,2.0,46701.0,51334914.0,-1.0,9.436385,50.306611,64883.0,18.0,1.0,1629369475.0,1638061808.0,0.0,593.0,0.0,21098657.75967321,5837204.7205417855,3.0,1.0
LTE,262.0,1.0,16502.0,33079041.0,-1.0,12.740186,51.17651,88074.0,66.0,1.0,1630218423.0,1630222274.0,0.0,978.0,0.0,21466621.74190961,5750064.622070797,3.0,1.0
LTE,262.0,1.0,22536.0,31051520.0,-1.0,10.006342,49.722964,80800.0,170.0,1.0,1632043334.0,1632043403.0,0.0,589.0,0.0,21162137.26325818,5895168.662801671,3.0,1.0
LTE,262.0,2.0,45141.0,13970178.0,0.0,8.033319,52.350053,54703.0,437.0,1.0,1638006138.0,1659607039.0,0.0,544.0,0.0,20942389.947931383,5631039.033469749,3.0,1.0
LTE,206.0,20.0,304.0,774195.0,-1.0,4.374828,50.85595,60897.0,38.0,1.0,1653897959.0,1689062477.0,0.0,504.0,0.0,20534922.029211096,5782281.661715081,3.0,1.0
LTE,262.0,2.0,44331.0,10343951.0,-1.0,6.378502,51.254832,54327.0,12.0,1.0,1651735823.0,1651735833.0,0.0,977.0,0.0,20758083.12884861,5742174.085052592,3.0,1.0
,,,,,,12.536016666666667,52.17482933333333,,,,,,,773.0,0.0,,,,
,,,,,,5.115246666666667,36.664708,,,,,,,599.0,0.0,,,,
,,,,,,9.885831000000001,49.469322999999996,,,,,,,839.6666666666666,0.0,,,,
,,,,,,15.994465,53.95812466666666,,,,,,,662.0,0.0,,,,
,,,,,,23.865277000000003,44.375879999999995,,,,,,,675.0,0.0,,,,
,,,,,,3.5896526666666664,47.040527999999995,,,,,,,915.3333333333334,0.0,,,,
,,,,,,13.736857666666666,49.233211000000004,,,,,,,710.0,0.0,,,,
,,,,,,13.047443000000001,51.571037,,,,,,,709.3333333333334,0.0,,,,
,,,,,,7.487223666666666,50.760873333333336,,,,,,,728.6666666666666,0.0,,,,
,,,,,,6.1144273333333325,49.90926533333334,,,,,,,728.6666666666666,0.0,,,,
,,,,,,5.620170000000001,43.70929266666667,,,,,,,758.3333333333334,1.0,,,,
,,,,,,8.897898333333332,51.05419233333333,,,,,,,767.3333333333334,0.0,,,,
,,,,,,4.020001333333333,45.58655000000001,,,,,,,714.6666666666666,0.0,,,,
,,,,,,7.536281666666667,47.864821,,,,,,,652.6666666666666,0.0,,,,
,,,,,,5.908758888888889,46.47997,,,,,,,739.3333333333334,0.0,,,,
,,,,,,15.390082666666666,49.349461999999995,,,,,,,804.0,0.0,,,,
,,,,,,13.207562000000001,47.42138,,,,,,,774.0,0.0,,,,
,,,,,,6.525978777777778,48.778071777777775,,,,,,,677.1111111111112,0.0,,,,
,,,,,,8.579010333333335,52.375076,,,,,,,803.6666666666666,0.0,,,,
,,,,,,14.407144,47.791212333333334,,,,,,,808.6666666666666,0.0,,,,
,,,,,,7.933129000000001,46.913193,,,,,,,772.3333333333334,0.0,,,,
,,,,,,14.784224333333333,50.718325666666665,,,,,,,664.6666666666666,0.0,,,,
,,,,,,18.155424333333332,48.889234666666674,,,,,,,773.3333333333334,0.0,,,,
,,,,,,8.826939333333334,50.55069566666666,,,,,,,666.6666666666666,0.0,,,,
,,,,,,10.322728666666668,49.87994533333333,,,,,,,869.6666666666666,1.0,,,,
,,,,,,15.251773666666667,53.67258533333333,,,,,,,832.3333333333334,0.0,,,,
,,,,,,3.3756136666666667,43.86248533333333,,,,,,,713.7777777777778,0.0,,,,
,,,,,,11.035750666666667,49.978371333333335,,,,,,,603.0,0.0,,,,
,,,,,,12.832956333333334,45.98104800000001,,,,,,,769.0,0.0,,,,
,,,,,,21.876154,43.998671333333334,,,,,,,850.6666666666666,0.0,,,,
,,,,,,9.095151666666666,46.80154100000001,,,,,,,698.6666666666666,0.0,,,,
,,,,,,14.352843222222221,48.38341977777778,,,,,,,787.5555555555555,0.0,,,,
,,,,,,11.627826333333331,47.504664,,,,,,,740.6666666666666,0.0,,,,
,,,,,,9.293179333333333,48.20736366666667,,,,,,,832.0,0.0,,,,
,,,,,,13.571158333333335,49.99064500000001,,,,,,,680.6666666666666,0.0,,,,
,,,,,,6.449491999999999,47.666696,,,,,,,721.0,0.0,,,,
,,,,,,5.370601444444444,44.72767988888889,,,,,,,831.6666666666666,0.0,,,,
,,,,,,10.956766000000002,54.735605,,,,,,,688.3333333333334,0.0,,,,
,,,,,,5.124231666666666,48.138523666666664,,,,,,,669.0,0.0,,,,
,,,,,,6.820237666666666,48.577211,,,,,,,813.3333333333334,0.0,,,,
,,,,,,15.334545333333333,56.071439,,,,,,,843.3333333333334,1.0,,,,
,,,,,,15.137782666666666,46.74990733333334,,,,,,,732.0,1.0,,,,
,,,,,,1.9315389999999997,43.614316,,,,,,,700.3333333333334,0.0,,,,
,,,,,,15.318683666666667,53.143621,,,,,,,739.6666666666666,0.0,,,,
,,,,,,21.930585111111114,46.79385688888889,,,,,,,715.1111111111112,0.0,,,,
,,,,,,17.401651666666666,55.12989833333333,,,,,,,781.0,0.0,,,,
,,,,,,15.976733333333334,48.54526233333333,,,,,,,736.3333333333334,0.0,,,,
,,,,,,11.904675,50.218629666666665,,,,,,,783.6666666666666,0.0,,,,
,,,,,,10.238138,44.64971366666666,,,,,,,796.3333333333334,0.0,,,,
,,,,,,9.223163555555555,52.44303144444444,,,,,,,825.3333333333334,0.0,,,,
,,,,,,9.798327333333333,49.064457000000004,,,,,,,759.6666666666666,0.0,,,,
,,,,,,12.842900333333333,46.309191,,,,,,,765.0,0.0,,,,
,,,,,,9.730007222222223,45.746992000000006,,,,,,,590.6666666666666,0.0,,,,
,,,,,,11.537649666666667,49.52522133333334,,,,,,,736.3333333333334,0.0,,,,
,,,,,,4.017350666666666,46.73426333333333,,,,,,,737.6666666666666,0.0,,,,
,,,,,,16.893613444444444,45.55634077777777,,,,,,,695.7777777777778,0.0,,,,
,,,,,,9.044034333333334,49.71403766666666,,,,,,,709.6666666666666,0.0,,,,
,,,,,,14.330879666666666,56.53716066666667,,,,,,,824.0,0.0,,,,
,,,,,,14.651131666666666,50.472730333333324,,,,,,,873.0,0.0,,,,
,,,,,,11.035551555555557,52.89705133333333,,,,,,,701.8888888888888,0.0,,,,
,,,,,,9.581806,45.50514833333333,,,,,,,822.3333333333334,0.0,,,,
,,,,,,0.6682303333333331,44.01658633333333,,,,,,,798.6666666666666,0.0,,,,
,,,,,,14.108688,48.286978,,,,,,,768.0,0.0,,,,
,,,,,,8.604127407407406,46.750730592592596,,,,,,,751.8518518518518,0.0,,,,
,,,,,,7.642893666666667,48.940520666666664,,,,,,,756.6666666666666,0.0,,,,
,,,,,,13.764137444444444,55.65873411111111,,,,,,,879.7777777777778,0.0,,,,
,,,,,,11.433655444444446,51.29512988888889,,,,,,,640.5555555555555,0.0,,,,
,,,,,,11.815012888888887,47.512118111111114,,,,,,,795.5555555555555,1.0,,,,
,,,,,,13.998435666666666,49.444685666666665,,,,,,,713.0,0.0,,,,
,,,,,,17.090996555555556,55.589053,,,,,,,822.6666666666666,0.0,,,,
,,,,,,12.629927666666665,55.10137533333333,,,,,,,815.3333333333334,0.0,,,,
,,,,,,11.660058888888889,48.19094177777779,,,,,,,680.0,0.0,,,,
,,,,,,6.761777666666667,49.45573366666667,,,,,,,801.6666666666666,0.0,,,,
,,,,,,1.331438000000001,42.19203733333333,,,,,,,612.0,0.0,,,,
,,,,,,7.410441333333334,50.755524333333334,,,,,,,639.6666666666666,0.0,,,,
,,,,,,18.455326,47.92036366666667,,,,,,,752.3333333333334,0.0,,,,
,,,,,,10.36667,44.36179966666666,,,,,,,869.6666666666666,0.0,,,,
,,,,,,13.343908888888889,51.53483011111111,,,,,,,789.5555555555557,0.0,,,,
,,,,,,10.202750333333334,51.60402233333334,,,,,,,706.3333333333334,0.0,,,,
,,,,,,9.918251666666666,48.11236766666667,,,,,,,896.6666666666666,0.0,,,,
,,,,,,19.187119666666664,47.789678333333335,,,,,,,694.6666666666666,0.0,,,,
,,,,,,9.967441111111112,51.50122777777778,,,,,,,805.8888888888888,0.0,,,,
,,,,,,10.145892333333334,44.596133333333334,,,,,,,857.3333333333334,0.0,,,,
,,,,,,3.132750444444445,45.81670577777778,,,,,,,631.5555555555555,0.0,,,,
,,,,,,17.05953,47.59179566666668,,,,,,,794.0,0.0,,,,
,,,,,,18.941855666666665,47.12959866666667,,,,,,,789.6666666666666,0.0,,,,
,,,,,,10.713493370370372,44.092559296296294,,,,,,,732.3703703703704,0.0,,,,
,,,,,,9.579200666666667,44.55064933333333,,,,,,,805.3333333333334,0.0,,,,
,,,,,,6.929387000000001,47.93429666666666,,,,,,,831.0,0.0,,,,
,,,,,,14.627092888888889,47.27540977777778,,,,,,,670.0,1.0,,,,
,,,,,,3.687652666666667,40.556778333333334,,,,,,,705.3333333333334,0.0,,,,
,,,,,,8.915358333333334,47.310517000000004,,,,,,,829.0,0.0,,,,
,,,,,,13.291739333333332,44.34661499999999,,,,,,,796.6666666666666,0.0,,,,
,,,,,,16.230355555555555,48.328308444444446,,,,,,,943.5555555555555,1.0,,,,
,,,,,,5.556177666666667,49.264093,,,,,,,787.3333333333334,0.0,,,,
,,,,,,10.859181444444445,52.38258666666667,,,,,,,783.5555555555555,0.0,,,,
,,,,,,2.1357230000000005,39.452950333333334,,,,,,,838.6666666666666,0.0,,,,
,,,,,,5.223861666666666,42.279367,,,,,,,553.6666666666666,0.0,,,,
,,,,,,10.61616837037037,47.5924762962963,,,,,,,836.3703703703704,0.0,,,,
,,,,,,8.819205666666667,47.57994933333333,,,,,,,675.6666666666666,0.0,,,,
